hebrew_word,lemma,transliteration,english_translation,parsing_abbreviation,strongs_number,book,chapter,ordinal,reading_order_position
אַחֲרֵי֙,H310,’a·ḥă·rê,after,Prep,H310,Judges,1,1,26
מ֣וֹת,H4194,mō·wṯ,the death,N‑msc,H4194,Judges,1,2,26
יְהוֹשֻׁ֔עַ,H3091,"yə·hō·wō·šu·a‘,",of Joshua,N‑proper‑ms,H3091,Judges,1,3,26
וַֽיִּשְׁאֲלוּ֙,H7592,way·yiš·’ă·lū,that asked,Conj‑w | V‑Qal‑ConsecImperf‑3mp,H7592,Judges,1,4,26
בְּנֵ֣י,H1121,bə·nê,the sons,N‑mpc,H1121,Judges,1,5,26
יִשְׂרָאֵ֔ל,H3478,"yiś·rā·’êl,",of Israel,N‑proper‑ms,H3478,Judges,1,6,26
בַּיהוָ֖ה,H3068,Yah·weh,Yahweh,Prep‑b | N‑proper‑ms,H3068,Judges,1,7,26
לֵאמֹ֑ר,H559,lê·mōr;,saying,Prep‑l | V‑Qal‑Inf,H559,Judges,1,8,26
מִ֣י,H4310,mî,who,Interrog,H4310,Judges,1,9,26
יַעֲלֶה־,H5927,ya·‘ă·leh-,shall go up,V‑Qal‑Imperf‑3ms,H5927,Judges,1,10,26
אֶל־,H413,’el-,against,Prep,H413,Judges,1,11,26
הַֽכְּנַעֲנִ֛י,H3669,hak·kə·na·‘ă·nî,the Canaanite,Art | N‑proper‑ms,H3669,Judges,1,12,26
בַּתְּחִלָּ֖ה,H8462,bat·tə·ḥil·lāh,first,"Prep‑b, Art | N‑fs",H8462,Judges,1,13,26
לְהִלָּ֥חֶם,H3898,lə·hil·lā·ḥem,to fight,Prep‑l | V‑Nifal‑Inf,H3898,Judges,1,14,26
יְהוּדָ֣ה,H3063,yə·hū·ḏāh,Judah,N‑proper‑ms,H3063,Judges,1,16,26
הִנֵּ֛ה,H2009,hin·nêh,indeed,Interjection,H2009,Judges,1,18,26
נָתַ֥תִּי,H5414,nā·ṯat·tî,I have delivered,V‑Qal‑Perf‑1cs,H5414,Judges,1,19,26
אֶת־,H853,’eṯ-,-,DirObjM,H853,Judges,1,20,26
הָאָ֖רֶץ,H776,hā·’ā·reṣ,the land,Art | N‑fs,H776,Judges,1,21,26
בְּיָדֽוֹ׃,H3027,bə·yā·ḏōw.,into his hand,Prep‑b | N‑fsc | 3ms,H3027,Judges,1,22,26
לְשִׁמְע֨וֹן,H8095,lə·šim·‘ō·wn,to Simeon,Prep‑l | N‑proper‑ms,H8095,Judges,1,24,26
אָחִ֜יו,H251,’ā·ḥîw,his brother,N‑msc | 3ms,H251,Judges,1,25,26
אִתִּ֣י,H854,’it·tî,with me,Prep | 1cs,H854,Judges,1,27,26
בְגוֹרָלִ֗י,H1486,"ḇə·ḡō·w·rā·lî,",to my allotted territory,Prep‑b | N‑msc | 1cs,H1486,Judges,1,28,26
וְהָלַכְתִּ֧י,H1980,wə·hā·laḵ·tî,and will go,Conj‑w | V‑Qal‑ConjPerf‑1cs,H1980,Judges,1,31,26
גַם־,H1571,ḡam-,likewise,Conj,H1571,Judges,1,32,26
אֲנִ֛י,H589,’ă·nî,I,Pro‑1cs,H589,Judges,1,33,26
וְהַפְּרִזִּ֖י,H6522,wə·hap·pə·riz·zî,and the Perizzite,"Conj‑w, Art | N‑proper‑ms",H6522,Judges,1,44,26
וַיַּכּ֣וּם,H5221,way·yak·kūm,and they killed,Conj‑w | V‑Hifil‑ConsecImperf‑3mp | 3mp,H5221,Judges,1,46,26
בְּבֶ֔זֶק,H966,"bə·ḇe·zeq,",at Bezek,Prep‑b | N‑proper‑fs,H966,Judges,1,47,26
עֲשֶׂ֥רֶת,H6235,‘ă·śe·reṯ,ten,Number‑msc,H6235,Judges,1,48,26
אֲלָפִ֖ים,H505,’ă·lā·p̄îm,thousand,Number‑mp,H505,Judges,1,49,26
אִֽישׁ׃,H376,’îš.,men,N‑ms,H376,Judges,1,50,26
בֶ֙זֶק֙,H137,ḇe·zeq,Adoni-bezek,N‑proper‑ms,H137,Judges,1,52,26
וַֽיִּרְדְּפ֖וּ,H7291,way·yir·də·p̄ū,and him,Prep | 3ms,H7291,Judges,1,61,26
וַיֹּאחֲז֣וּ,H270,way·yō·ḥă·zū,and him,DirObjM | 3ms,H270,Judges,1,63,26
וַֽיְקַצְּצ֔וּ,H7112,"way·qaṣ·ṣə·ṣū,",and,DirObjM,H7112,Judges,1,65,26
בְּהֹנ֥וֹת,H931,bə·hō·nō·wṯ,his thumbs,N‑fdc | 3ms,H931,Judges,1,67,26
וְרַגְלָֽיו׃,H7272,wə·raḡ·lāw.,and big toes,Conj‑w | N‑fdc | 3ms,H7272,Judges,1,69,26
שִׁבְעִ֣ים ׀,H7657,šiḇ·‘îm,Seventy,Number‑cp,H7657,Judges,1,71,26
מְלָכִ֡ים,H4428,mə·lā·ḵîm,kings,N‑mp,H4428,Judges,1,72,26
הָי֤וּ,H1961,hā·yū,become,V‑Qal‑Perf‑3cp,H1961,Judges,1,77,26
מְלַקְּטִים֙,H3950,mə·laq·qə·ṭîm,used to gather [scraps],V‑Piel‑Prtcpl‑mp,H3950,Judges,1,78,26
תַּ֣חַת,H8478,ta·ḥaṯ,under,Prep,H8478,Judges,1,79,26
שֻׁלְחָנִ֔י,H7979,"šul·ḥā·nî,",my table,N‑msc | 1cs,H7979,Judges,1,80,26
כַּאֲשֶׁ֣ר,H834,ka·’ă·šer,as,Prep‑k | Pro‑r,H834,Judges,1,81,26
עָשִׂ֔יתִי,H6213,"‘ā·śî·ṯî,",I have done,V‑Qal‑Perf‑1cs,H6213,Judges,1,82,26
כֵּ֥ן,H3651,kên,so,Adv,H3651,Judges,1,83,26
שִׁלַּם־,H7999,šil·lam-,has repaid,V‑Piel‑Perf‑3ms,H7999,Judges,1,84,26
אֱלֹהִ֑ים,H430,’ĕ·lō·hîm;,God,N‑mp,H430,Judges,1,85,26
וַיְבִיאֻ֥הוּ,H935,way·ḇî·’u·hū,and they brought him,Conj‑w | V‑Hifil‑ConsecImperf‑3mp | 3ms,H935,Judges,1,86,26
יְרוּשָׁלִַ֖ם,H3389,yə·rū·šā·lim,to Jerusalem,N‑proper‑fs,H3389,Judges,1,87,26
וַיָּ֥מָת,H4191,way·yā·māṯ,and he died,Conj‑w | V‑Qal‑ConsecImperf‑3ms,H4191,Judges,1,88,26
שָֽׁם׃,H8033,šām.,there,Adv,H8033,Judges,1,89,26
וַיִּלְכְּד֣וּ,H3920,way·yil·kə·ḏū,and took,Conj‑w | V‑Qal‑ConsecImperf‑3mp,H3920,Judges,1,93,26
לְפִי־,H6310,lə·p̄î-,with the edge,Prep‑l | N‑msc,H6310,Judges,1,96,26
חָ֑רֶב,H2719,ḥā·reḇ;,of the sword,N‑fs,H2719,Judges,1,97,26
הָעִ֖יר,H5892,hā·‘îr,the city,Art | N‑fs,H5892,Judges,1,99,26
שִׁלְּח֥וּ,H7971,šil·lə·ḥū,set,V‑Piel‑Perf‑3cp,H7971,Judges,1,100,26
בָאֵֽשׁ׃,H784,ḇā·’êš.,on fire,"Prep‑b, Art | N‑cs",H784,Judges,1,101,26
יָֽרְדוּ֙,H3381,yā·rə·ḏū,went down,V‑Qal‑Perf‑3cp,H3381,Judges,1,102,26
יוֹשֵׁ֣ב,H3427,yō·wō·šêḇ,who dwelt,V‑Qal‑Prtcpl‑ms,H3427,Judges,1,107,26
הָהָ֔ר,H2022,"hā·hār,",in the mountains,Art | N‑ms,H2022,Judges,1,108,26
וְהַנֶּ֖גֶב,H5045,wə·han·ne·ḡeḇ,and in the Negev,"Conj‑w, Art | N‑proper‑fs",H5045,Judges,1,109,26
וְהַשְּׁפֵלָֽה׃,H8219,wə·haš·šə·p̄ê·lāh.,and in the lowland,"Conj‑w, Art | N‑fs",H8219,Judges,1,110,26
בְּחֶבְר֔וֹן,H2275,"bə·ḥeḇ·rō·wn,",in Hebron,Prep‑b | N‑proper‑fs,H2275,Judges,1,115,26
וְשֵׁם־,H8034,wə·šêm-,and the name,Conj‑w | N‑msc,H8034,Judges,1,116,26
לְפָנִ֖ים,H6440,lə·p̄ā·nîm,[was] formerly,Prep‑l | N‑mp,H6440,Judges,1,118,26
אַרְבַּ֑ע,H7153,’ar·ba‘;,Kirjath Arba,N‑proper‑fs,H7153,Judges,1,119,26
שֵׁשַׁ֥י,H8344,šê·šay,Sheshai,N‑proper‑fs,H8344,Judges,1,122,26
אֲחִימַ֖ן,H289,’ă·ḥî·man,Ahiman,N‑proper‑fs,H289,Judges,1,124,26
תַּלְמָֽי׃,H8526,tal·māy.,Talmai,N‑proper,H8526,Judges,1,126,26
דְּבִ֑יר,H1688,də·ḇîr;,of Debir,N‑proper‑fs,H1688,Judges,1,130,26
סֵֽפֶר׃,H7158,sê·p̄er.,Kirjath Sepher,N‑proper‑fs,H7158,Judges,1,134,26
כָּלֵ֔ב,H3612,"kā·lêḇ,",Caleb,N‑proper‑ms,H3612,Judges,1,135,26
עַכְסָ֥ה,H5915,‘aḵ·sāh,Acsah,N‑proper‑fs,H5915,Judges,1,143,26
בִתִּ֖י,H1323,ḇit·tî,my daughter,N‑fsc | 1cs,H1323,Judges,1,144,26
לְאִשָּֽׁה׃,H802,lə·’iš·šāh.,as wife,Prep‑l | N‑fs,H802,Judges,1,145,26
עָתְנִיאֵ֣ל,H6274,‘ā·ṯə·nî·’êl,Othniel,N‑proper‑ms,H6274,Judges,1,146,26
קְנַ֔ז,H7073,"qə·naz,",of Kenaz,N‑proper‑ms,H7073,Judges,1,148,26
הַקָּטֹ֣ן,H6996,haq·qā·ṭōn,younger,Art | Adj‑ms,H6996,Judges,1,151,26
מִמֶּ֑נּוּ,H4480,mim·men·nū;,from,Prep | 3ms,H4480,Judges,1,152,26
וַתְּסִיתֵ֙הוּ֙,H5496,wat·tə·sî·ṯê·hū,that she urged him,Conj‑w | V‑Hifil‑ConsecImperf‑3fs | 3ms,H5496,Judges,1,159,26
אָבִ֙יהָ֙,H1,’ā·ḇî·hā,her father,N‑msc | 3fs,H1,Judges,1,162,26
הַשָּׂדֶ֔ה,H7704,"haś·śā·ḏeh,",for a field,Art | N‑ms,H7704,Judges,1,163,26
וַתִּצְנַ֖ח,H6795,wat·tiṣ·naḥ,And she dismounted,Conj‑w | V‑Qal‑ConsecImperf‑3fs,H6795,Judges,1,164,26
מֵעַ֣ל,H5921,mê·‘al,from,Prep‑m,H5921,Judges,1,165,26
הַחֲמ֑וֹר,H2543,ha·ḥă·mō·wr;,[her] donkey,Art | N‑ms,H2543,Judges,1,166,26
מַה־,H4100,mah-,what,Interrog,H4100,Judges,1,169,26
הָֽבָה־,H3051,hā·ḇāh-,Give,V‑Qal‑Imp‑ms | 3fs,H3051,Judges,1,170,26
בְרָכָ֗ה,H1293,"ḇə·rā·ḵāh,",a blessing,N‑fs,H1293,Judges,1,171,26
כִּ֣י,H3588,kî,since,Conj,H3588,Judges,1,172,26
גֻּלֹּ֣ת,H1543,gul·lōṯ,springs,N‑fpc,H1543,Judges,1,177,26
מָ֑יִם,H4325,mā·yim;,of water,N‑mp,H4325,Judges,1,178,26
עִלִּ֔ית,H5942,"‘il·lîṯ,",upper,Adj‑fsc,H5942,Judges,1,183,26
תַּחְתִּֽית׃,H8482,taḥ·tîṯ.,lower,Adj‑fs,H8482,Judges,1,186,26
קֵינִי֩,H7017,qê·nî,of the Kenite,N‑proper‑ms,H7017,Judges,1,187,26
חֹתֵ֨ן,H2859,ḥō·ṯên,father-in-law,N‑msc,H2859,Judges,1,188,26
מֹשֶׁ֜ה,H4872,mō·šeh,Moses’,N‑proper‑ms,H4872,Judges,1,189,26
הַתְּמָרִים֙,H8558,hat·tə·mā·rîm,from Palm City,Prep | N‑proper‑fs,H8558,Judges,1,192,26
מִדְבַּ֣ר,H4057,miḏ·bar,into the Wilderness,N‑msc,H4057,Judges,1,196,26
עֲרָ֑ד,H6166,‘ă·rāḏ;,Arad,N‑proper‑fs,H6166,Judges,1,200,26
הָעָֽם׃,H5971,hā·‘ām.,the people,Art | N‑ms,H5971,Judges,1,204,26
צְפַ֑ת,H6857,ṣə·p̄aṯ;,Zephath,N‑proper‑fs,H6857,Judges,1,213,26
וַיַּחֲרִ֣ימוּ,H2763,way·ya·ḥă·rî·mū,and utterly destroyed,Conj‑w | V‑Hifil‑ConsecImperf‑3mp,H2763,Judges,1,214,26
וַיִּקְרָ֥א,H7121,way·yiq·rā,so was called,Conj‑w | V‑Qal‑ConsecImperf‑3ms,H7121,Judges,1,216,26
חָרְמָֽה׃,H2767,ḥā·rə·māh.,Hormah,N‑proper‑fs,H2767,Judges,1,220,26
עַזָּ֣ה,H5804,‘az·zāh,Gaza,N‑proper‑fs,H5804,Judges,1,223,26
גְּבוּלָ֔הּ,H1366,"gə·ḇū·lāh,",its territory,N‑msc | 3fs,H1366,Judges,1,225,26
אַשְׁקְל֖וֹן,H831,’aš·qə·lō·wn,Ashkelon,N‑proper‑fs,H831,Judges,1,227,26
עֶקְר֖וֹן,H6138,‘eq·rō·wn,Ekron,N‑proper‑fs,H6138,Judges,1,231,26
וַיֹּ֖רֶשׁ,H3423,way·yō·reš,and they took possession,Conj‑w | V‑Hifil‑ConsecImperf‑3ms,H3423,Judges,1,237,26
לֹ֤א,H3808,lō,not,Adv‑NegPrt,H3808,Judges,1,241,26
הָעֵ֔מֶק,H6010,"hā·‘ê·meq,",of the lowland,Art | N‑ms,H6010,Judges,1,245,26
רֶ֥כֶב,H7393,re·ḵeḇ,chariots,N‑msc,H7393,Judges,1,247,26
בַּרְזֶ֖ל,H1270,bar·zel,of iron,N‑ms,H1270,Judges,1,248,26
דִּבֶּ֣ר,H1696,dib·ber,had said,V‑Piel‑Perf‑3ms,H1696,Judges,1,253,26
שְׁלֹשָׁ֖ה,H7969,šə·lō·šāh,three,Number‑ms,H7969,Judges,1,258,26
הָעֲנָֽק׃,H6061,hā·‘ă·nāq.,the Anak,Art | N‑proper‑ms,H6061,Judges,1,260,26
הַיְבוּסִי֙,H2983,hay·ḇū·sî,the Jebusite,Art | N‑proper‑ms,H2983,Judges,1,261,26
בִנְיָמִ֑ן,H1144,ḇin·yā·min;,of Benjamin,N‑proper‑ms,H1144,Judges,1,267,26
עַ֖ד,H5704,‘aḏ,to,Prep,H5704,Judges,1,274,26
הַיּ֥וֹם,H3117,hay·yō·wm,day,Art | N‑ms,H3117,Judges,1,275,26
הַזֶּֽה׃,H2088,haz·zeh.,this,Art | Pro‑ms,H2088,Judges,1,276,26
בֵית־,H1004,ḇêṯ-,the house,N‑msc,H1004,Judges,1,277,26
יוֹסֵ֛ף,H3130,yō·w·sêp̄,of Joseph,N‑proper‑ms,H3130,Judges,1,278,26
הֵ֖ם,H1992,hêm,they [were],Pro‑3mp,H1992,Judges,1,280,26
אֵ֑ל,H1008,’êl;,Bethel,N‑proper‑fs,H1008,Judges,1,281,26
עִמָּֽם׃,H5973,‘im·mām.,with them,Prep | 3mp,H5973,Judges,1,283,26
לֽוּז׃,H3870,lūz.,Luz,N‑proper‑fs,H3870,Judges,1,290,26
הַשֹּׁ֣מְרִ֔ים,H8104,"haš·šō·mə·rîm,",the spies,Art | V‑Qal‑Prtcpl‑mp,H8104,Judges,1,291,26
יוֹצֵ֣א,H3318,yō·w·ṣê,coming,V‑Qal‑Prtcpl‑ms,H3318,Judges,1,293,26
הַרְאֵ֤נוּ,H7200,har·’ê·nū,show us,V‑Hifil‑Imp‑ms | 1cp,H7200,Judges,1,297,26
נָא֙,H4994,nā,please,Interjection,H4994,Judges,1,298,26
מְב֣וֹא,H3996,mə·ḇō·w,the entrance to,N‑msc,H3996,Judges,1,300,26
חָֽסֶד׃,H2617,ḥā·seḏ.,mercy,N‑ms,H2617,Judges,1,304,26
כָּל־,H3605,kāl-,all,N‑msc,H3605,Judges,1,316,26
מִשְׁפַּחְתּ֖וֹ,H4940,miš·paḥ·tōw,his family,N‑fsc | 3ms,H4940,Judges,1,317,26
הַחִתִּ֑ים,H2850,ha·ḥit·tîm;,of the Hittites,Art | N‑proper‑mp,H2850,Judges,1,321,26
וַיִּ֣בֶן,H1129,way·yi·ḇen,and built,Conj‑w | V‑Qal‑ConsecImperf‑3ms,H1129,Judges,1,322,26
ה֣וּא,H1931,hū,that [is],Pro‑3ms,H1931,Judges,1,327,26
מְנַשֶּׁ֗ה,H4519,"mə·naš·šeh,",Manasseh,N‑proper‑ms,H4519,Judges,1,333,26
שְׁאָ֣ן,H1052,šə·’ān,Beth Shean,N‑proper‑fs,H1052,Judges,1,335,26
תַּעְנַ֣ךְ,H8590,ta‘·naḵ,Taanach,N‑proper‑fs,H8590,Judges,1,339,26
ד֜וֹר,H1756,ḏō·wr,Dor,N‑proper‑fs,H1756,Judges,1,344,26
יִבְלְעָם֙,H2991,yiḇ·lə·‘ām,of Ibleam,N‑proper‑fs,H2991,Judges,1,349,26
מְגִדּ֖וֹ,H4023,mə·ḡid·dōw,of Megiddo,N‑proper‑fs,H4023,Judges,1,354,26
וַיּ֙וֹאֶל֙,H2974,way·yō·w·’el,for were determined,Conj‑w | V‑Hifil‑ConsecImperf‑3ms,H2974,Judges,1,357,26
הַזֹּֽאת׃,H2063,haz·zōṯ.,this,Art | Pro‑fs,H2063,Judges,1,361,26
חָזַ֣ק,H2388,ḥā·zaq,was strong,V‑Qal‑Perf‑3ms,H2388,Judges,1,363,26
וַיָּ֥שֶׂם,H7760,way·yā·śem,that they put,Conj‑w | V‑Qal‑ConsecImperf‑3ms,H7760,Judges,1,365,26
לָמַ֑ס,H4522,lā·mas;,under tribute,Prep‑l | N‑ms,H4522,Judges,1,368,26
בְּגָ֑זֶר,H1507,bə·ḡā·zer;,in Gezer,Prep‑b | N‑proper‑fs,H1507,Judges,1,377,26
בְּקִרְבּ֖וֹ,H7130,bə·qir·bōw,among them,Prep‑b | N‑msc | 3ms,H7130,Judges,1,380,26
קִטְר֔וֹן,H7003,"qiṭ·rō·wn,",of Kitron,N‑proper‑fs,H7003,Judges,1,386,26
נַהֲלֹ֑ל,H5096,na·hă·lōl;,of Nahalol,N‑proper‑fs,H5096,Judges,1,389,26
עַכּ֔וֹ,H5910,"‘ak·kōw,",of Acco,N‑proper‑fs,H5910,Judges,1,399,26
צִיד֑וֹן,H6721,ṣî·ḏō·wn;,of Sidon,N‑proper‑fs,H6721,Judges,1,402,26
אַחְלָ֤ב,H303,’aḥ·lāḇ,of Ahlab,N‑proper‑fs,H303,Judges,1,404,26
אַכְזִיב֙,H392,’aḵ·zîḇ,Achzib,N‑proper‑fs,H392,Judges,1,406,26
חֶלְבָּ֔ה,H2462,"ḥel·bāh,",Helbah,N‑proper‑fs,H2462,Judges,1,408,26
אֲפִ֖יק,H663,’ă·p̄îq,Aphek,N‑proper‑fs,H663,Judges,1,410,26
רְחֹֽב׃,H7340,rə·ḥōḇ.,Rehob,N‑proper‑fs,H7340,Judges,1,412,26
הָאָ֣שֵׁרִ֔י,H843,"hā·’ā·šê·rî,",the Asherites,Art | N‑proper‑ms,H843,Judges,1,413,26
שֶׁ֙מֶשׁ֙,H1053,še·meš,Beth Shemesh,N‑proper‑fs,H1053,Judges,1,425,26
עֲנָ֔ת,H1043,"‘ă·nāṯ,",Beth Anath,N‑proper‑fs,H1043,Judges,1,428,26
הָאֱמֹרִ֛י,H567,hā·’ĕ·mō·rî,the Amorites,Art | N‑proper‑ms,H567,Judges,1,439,26
דָ֖ן,H1835,ḏān,of Dan,N‑proper‑ms,H1835,Judges,1,442,26
חֶ֔רֶס,H2776,"ḥe·res,",Heres,N‑proper‑fs,H2776,Judges,1,452,26
בְּאַיָּל֖וֹן,H357,bə·’ay·yā·lō·wn,in Aijalon,Prep‑b | N‑proper‑fs,H357,Judges,1,453,26
וּבְשַֽׁעַלְבִ֑ים,H8169,ū·ḇə·ša·‘al·ḇîm;,and in Shaalbim,"Conj‑w, Prep‑b | N‑proper‑fs",H8169,Judges,1,454,26
וַתִּכְבַּד֙,H3513,wat·tiḵ·baḏ,and yet when became greater,Conj‑w | V‑Qal‑ConsecImperf‑3fs,H3513,Judges,1,455,26
עַקְרַבִּ֑ים,H4610,‘aq·rab·bîm;,of Akrabbim,N‑mp,H4610,Judges,1,462,26
מֵהַסֶּ֖לַע,H5553,mê·has·se·la‘,from Sela,"Prep‑m, Art | N‑proper‑fs",H5553,Judges,1,463,26
וָמָֽעְלָה׃,H4605,wā·mā·‘ə·lāh.,and upward,Conj‑w | Adv | 3fs,H4605,Judges,1,464,26
מַלְאַךְ־,H4397,mal·’aḵ-,the Angel,N‑msc,H4397,Judges,2,465,26
הַגִּלְגָּ֖ל,H1537,hag·gil·gāl,Gilgal,Art | N‑proper‑fs,H1537,Judges,2,468,26
הַבֹּכִ֑ים,H1066,hab·bō·ḵîm;,Bochim,Art | N‑proper‑fs,H1066,Judges,2,470,26
מִמִּצְרַ֗יִם,H4714,"mim·miṣ·ra·yim,",from Egypt,Prep‑m | N‑proper‑fs,H4714,Judges,2,474,26
נִשְׁבַּ֙עְתִּי֙,H7650,niš·ba‘·tî,I swore,V‑Nifal‑Perf‑1cs,H7650,Judges,2,480,26
אָפֵ֧ר,H6565,’ā·p̄êr,I will break,V‑Hifil‑Imperf‑1cs,H6565,Judges,2,484,26
בְּרִיתִ֛י,H1285,bə·rî·ṯî,My covenant,N‑fsc | 1cs,H1285,Judges,2,485,26
לְעוֹלָֽם׃,H5769,lə·‘ō·w·lām.,I will,Prep‑l | N‑ms,H5769,Judges,2,487,26
תִכְרְת֤וּ,H3772,ṯiḵ·rə·ṯū,shall make,V‑Qal‑Imperf‑2mp,H3772,Judges,2,489,26
מִזְבְּחוֹתֵיהֶ֖ם,H4196,miz·bə·ḥō·w·ṯê·hem,their altars',N‑mpc | 3mp,H4196,Judges,2,494,26
תִּתֹּצ֑וּן,H5422,tit·tō·ṣūn;,you shall tear down,V‑Qal‑Imperf‑2mp | Pn,H5422,Judges,2,495,26
שְׁמַעְתֶּ֥ם,H8085,šə·ma‘·tem,you have obeyed,V‑Qal‑Perf‑2mp,H8085,Judges,2,497,26
בְּקֹלִ֖י,H6963,bə·qō·lî,My voice,Prep‑b | N‑msc | 1cs,H6963,Judges,2,498,26
אֲגָרֵ֥שׁ,H1644,’ă·ḡā·rêš,I will drive them out,V‑Piel‑Imperf‑1cs,H1644,Judges,2,504,26
לְצִדִּ֔ים,H6654,"lə·ṣid·dîm,",in side,Prep‑l | N‑mp,H6654,Judges,2,508,26
לְמוֹקֵֽשׁ׃,H4170,lə·mō·w·qêš.,a snare,Prep‑l | N‑ms,H4170,Judges,2,511,26
הַדְּבָרִ֣ים,H1697,had·də·ḇā·rîm,words,Art | N‑mp,H1697,Judges,2,516,26
הָאֵ֔לֶּה,H428,"hā·’êl·leh,",these,Art | Pro‑cp,H428,Judges,2,517,26
וַיִּשְׂא֥וּ,H5375,way·yiś·’ū,that lifted up,Conj‑w | V‑Qal‑ConsecImperf‑3mp,H5375,Judges,2,522,26
וַיִּבְכּֽוּ׃,H1058,way·yiḇ·kū.,and wept,Conj‑w | V‑Qal‑ConsecImperf‑3mp,H1058,Judges,2,526,26
הַמָּק֥וֹם,H4725,ham·mā·qō·wm,of place,Art | N‑ms,H4725,Judges,2,528,26
וַיִּזְבְּחוּ־,H2076,way·yiz·bə·ḥū-,and they sacrificed,Conj‑w | V‑Qal‑ConsecImperf‑3mp,H2076,Judges,2,531,26
לְנַחֲלָת֖וֹ,H5159,lə·na·ḥă·lā·ṯōw,to his own inheritance,Prep‑l | N‑fsc | 3ms,H5159,Judges,2,541,26
הַזְּקֵנִ֗ים,H2205,"haz·zə·qê·nîm,",of the elders,Art | Adj‑mp,H2205,Judges,2,553,26
הֶאֱרִ֤יכוּ,H748,he·’ĕ·rî·ḵū,outlived,V‑Hifil‑Perf‑3cp,H748,Judges,2,555,26
מַעֲשֵׂ֤ה,H4639,ma·‘ă·śêh,the works,N‑msc,H4639,Judges,2,563,26
הַגָּד֔וֹל,H1419,"hag·gā·ḏō·wl,",great,Art | Adj‑ms,H1419,Judges,2,565,26
נ֖וּן,H5126,nūn,of Nun,N‑proper‑ms,H5126,Judges,2,571,26
עֶ֣בֶד,H5650,‘e·ḇeḏ,the servant,N‑msc,H5650,Judges,2,572,26
מֵאָ֥ה,H3967,mê·’āh,A hundred,Number‑fs,H3967,Judges,2,575,26
שָׁנִֽים׃,H8141,šā·nîm.,years,N‑fp,H8141,Judges,2,577,26
חֶ֖רֶס,H8556,ḥe·res,Timnath Heres,Prep | N‑proper‑fs,H8556,Judges,2,581,26
אֶפְרָ֑יִם,H669,’ep̄·rā·yim;,of Ephraim,N‑proper‑ms,H669,Judges,2,583,26
מִצְּפ֖וֹן,H6828,miṣ·ṣə·p̄ō·wn,on the north side,Prep‑m | N‑fsc,H6828,Judges,2,584,26
גָּֽעַשׁ׃,H1608,gā·‘aš.,Gaash,N‑proper‑fs,H1608,Judges,2,586,26
הַדּ֣וֹר,H1755,had·dō·wr,generation,Art | N‑ms,H1755,Judges,2,588,26
נֶאֶסְפ֖וּ,H622,ne·’es·p̄ū,had been gathered,V‑Nifal‑Perf‑3cp,H622,Judges,2,590,26
וַיָּקָם֩,H6965,way·yā·qām,and arose,Conj‑w | V‑Qal‑ConsecImperf‑3ms,H6965,Judges,2,593,26
אַחֵ֜ר,H312,’a·ḥêr,another,Adj‑ms,H312,Judges,2,595,26
יָֽדְעוּ֙,H3045,yā·ḏə·‘ū,did know,V‑Qal‑Perf‑3cp,H3045,Judges,2,599,26
הָרַ֖ע,H7451,hā·ra‘,evil,Art | Adj‑ms,H7451,Judges,2,611,26
בְּעֵינֵ֣י,H5869,bə·‘ê·nê,in the sight,Prep‑b | N‑cdc,H5869,Judges,2,612,26
וַיַּעַבְד֖וּ,H5647,way·ya·‘aḇ·ḏū,and served,Conj‑w | V‑Qal‑ConsecImperf‑3mp,H5647,Judges,2,614,26
הַבְּעָלִֽים׃,H1168,hab·bə·‘ā·lîm.,the Baals,Art | N‑mp,H1168,Judges,2,616,26
סְבִיב֣וֹתֵיהֶ֔ם,H5439,"sə·ḇî·ḇō·w·ṯê·hem,",all around them,Adv | 3mp,H5439,Judges,2,632,26
וַיִּֽשְׁתַּחֲו֖וּ,H7812,way·yiš·ta·ḥă·wū,and they bowed down,Conj‑w | V‑Hitpael‑ConsecImperf‑3mp,H7812,Judges,2,633,26
וַיַּכְעִ֖סוּ,H3707,way·yaḵ·‘i·sū,and they provoked to anger,Conj‑w | V‑Hifil‑ConsecImperf‑3mp,H3707,Judges,2,634,26
וְלָעַשְׁתָּרֽוֹת׃,H6252,wə·lā·‘aš·tā·rō·wṯ.,and the Ashtoreths,"Conj‑w, Prep‑l | N‑proper‑fp",H6252,Judges,2,641,26
אַ֤ף,H639,’ap̄,the anger,N‑msc,H639,Judges,2,642,26
שֹׁסִ֔ים,H8154,"šō·sîm,",of plunderers,V‑Qal‑Prtcpl‑mp,H8154,Judges,2,647,26
וַיָּשֹׁ֖סּוּ,H8155,way·yā·šōs·sū,and who despoiled,Conj‑w | V‑Qal‑ConsecImperf‑3mp,H8155,Judges,2,648,26
וַֽיִּמְכְּרֵ֞ם,H4376,way·yim·kə·rêm,and He sold them,Conj‑w | V‑Qal‑ConsecImperf‑3ms | 3mp,H4376,Judges,2,650,26
אֽוֹיְבֵיהֶם֙,H341,’ō·wy·ḇê·hem,of their enemies,V‑Qal‑Prtcpl‑mpc | 3mp,H341,Judges,2,652,26
יָכְל֣וּ,H3201,yā·ḵə·lū,they could,V‑Qal‑Perf‑3cp,H3201,Judges,2,655,26
ע֔וֹד,H5750,"‘ō·wḏ,",longer,Adv,H5750,Judges,2,656,26
לַעֲמֹ֖ד,H5975,la·‘ă·mōḏ,stand,Prep‑l | V‑Qal‑Inf,H5975,Judges,2,657,26
וַיֵּ֥צֶר,H3334,way·yê·ṣer,and were distressed,Conj‑w | V‑Qal‑ConsecImperf‑3ms,H3334,Judges,2,672,26
מְאֹֽד׃,H3966,mə·’ōḏ.,greatly,Adv,H3966,Judges,2,673,26
שֹֽׁפְטִ֑ים,H8199,šō·p̄ə·ṭîm;,judges,V‑Qal‑Prtcpl‑mp,H8199,Judges,2,675,26
וַיּ֣וֹשִׁיע֔וּם,H3467,"way·yō·wō·šî·‘ūm,",and who delivered them,Conj‑w | V‑Hifil‑ConsecImperf‑3mp | 3mp,H3467,Judges,2,676,26
זָנ֗וּ,H2181,"zā·nū,",they played the harlot,V‑Qal‑Perf‑3cp,H2181,Judges,2,684,26
סָ֣רוּ,H5493,sā·rū,they turned,V‑Qal‑Perf‑3cp,H5493,Judges,2,689,26
מַהֵ֗ר,H4118,"ma·hêr,",quickly,Adv,H4118,Judges,2,690,26
הַדֶּ֜רֶךְ,H1870,had·de·reḵ,the way,Art | N‑cs,H1870,Judges,2,692,26
מִצְוֺת־,H4687,miṣ·wōṯ-,the commandments,N‑fpc,H4687,Judges,2,697,26
יִנָּחֵ֤ם,H5162,yin·nā·ḥêm,was moved to pity,V‑Nifal‑Imperf‑3ms,H5162,Judges,2,716,26
מִנַּֽאֲקָתָ֔ם,H5009,"min·na·’ă·qā·ṯām,",by their groaning,Prep‑m | N‑fsc | 3mp,H5009,Judges,2,718,26
לֹחֲצֵיהֶ֖ם,H3905,lō·ḥă·ṣê·hem,who oppressed them,V‑Qal‑Prtcpl‑mpc | 3mp,H3905,Judges,2,720,26
וְדֹחֲקֵיהֶֽם׃,H1766,wə·ḏō·ḥă·qê·hem.,and harassed them,Conj‑w | V‑Qal‑Prtcpl‑mpc | 3mp,H1766,Judges,2,721,26
יָשֻׁ֙בוּ֙,H7725,yā·šu·ḇū,that they reverted,V‑Qal‑Imperf‑3mp,H7725,Judges,2,724,26
וְהִשְׁחִ֣יתוּ,H7843,wə·hiš·ḥî·ṯū,and behaved corruptly,Conj‑w | V‑Hifil‑ConjPerf‑3cp,H7843,Judges,2,725,26
הִפִּ֙ילוּ֙,H5307,hip·pî·lū,they did cease,V‑Hifil‑Perf‑3cp,H5307,Judges,2,734,26
מִמַּ֣עַלְלֵיהֶ֔ם,H4611,"mim·ma·‘al·lê·hem,",from their own doings,Prep‑m | N‑mpc | 3mp,H4611,Judges,2,735,26
הַקָּשָֽׁה׃,H7186,haq·qā·šāh.,stubborn,Art | Adj‑fs,H7186,Judges,2,737,26
יַעַן֩,H3282,ya·‘an,because,Adv,H3282,Judges,2,742,26
עָבְר֜וּ,H5674,‘ā·ḇə·rū,has transgressed,V‑Qal‑Perf‑3cp,H5674,Judges,2,744,26
הַגּ֣וֹי,H1471,hag·gō·w,nation,Art | N‑ms,H1471,Judges,2,745,26
צִוִּ֣יתִי,H6680,ṣiw·wî·ṯî,I commanded,V‑Piel‑Perf‑1cs,H6680,Judges,2,750,26
אוֹסִ֔יף,H3254,"’ō·w·sîp̄,",longer,V‑Hifil‑Imperf‑1cs,H3254,Judges,2,758,26
עָזַ֥ב,H5800,‘ā·zaḇ,left,V‑Qal‑Perf‑3ms,H5800,Judges,2,765,26
נַסּ֥וֹת,H5254,nas·sō·wṯ,I may test,V‑Piel‑Inf,H5254,Judges,2,768,26
אִם־,H518,’im-,or,Conj,H518,Judges,2,780,26
לְבִלְתִּ֥י,H1115,lə·ḇil·tî,without,Prep‑l,H1115,Judges,2,786,26
הִנִּ֣יחַ,H3240,hin·nî·aḥ,left,V‑Hifil‑Perf‑3ms,H3240,Judges,3,795,26
מִלְחֲמ֥וֹת,H4421,mil·ḥă·mō·wṯ,of the wars in,N‑fpc,H4421,Judges,3,807,26
כְּנָֽעַן׃,H3667,kə·nā·‘an.,Canaan,N‑proper‑ms,H3667,Judges,3,808,26
לְמַ֙עַן֙,H4616,lə·ma·‘an,so that,Conj,H4616,Judges,3,809,26
דַּ֚עַת,H1847,da·‘aṯ,to know,V‑Qal‑Inf,H1847,Judges,3,810,26
לְלַמְּדָ֖ם,H3925,lə·lam·mə·ḏām,might be taught,Prep‑l | V‑Piel‑Inf | 3mp,H3925,Judges,3,814,26
רַ֥ק,H7535,raq,at least,Adv,H7535,Judges,3,816,26
סַרְנֵ֣י,H5633,sar·nê,lords,N‑mpc,H5633,Judges,3,821,26
פְלִשְׁתִּ֗ים,H6430,"p̄ə·liš·tîm,",of the Philistines,N‑proper‑mp,H6430,Judges,3,822,26
וְהַצִּ֣ידֹנִ֔י,H6722,"wə·haṣ·ṣî·ḏō·nî,",and the Sidonian,"Conj‑w, Art | N‑proper‑ms",H6722,Judges,3,825,26
וְהַ֣חִוִּ֔י,H2340,"wə·ha·ḥiw·wî,",and the Hivite,"Conj‑w, Art | N‑proper‑ms",H2340,Judges,3,826,26
הַלְּבָנ֑וֹן,H3844,hal·lə·ḇā·nō·wn;,Lebanon,Art | N‑proper‑fs,H3844,Judges,3,829,26
חֶרְמ֔וֹן,H1179,"ḥer·mō·wn,",Baal Hermon,N‑proper‑fs,H1179,Judges,3,831,26
חֲמָֽת׃,H2574,ḥă·māṯ.,of Hamath,N‑proper‑fs,H2574,Judges,3,834,26
וַֽיִּשְׁכְּח֖וּ,H7911,way·yiš·kə·ḥū,and they forgot,Conj‑w | V‑Qal‑ConsecImperf‑3mp,H7911,Judges,3,875,26
הָאֲשֵׁרֽוֹת׃,H842,hā·’ă·šê·rō·wṯ.,the Asherahs,Art | N‑fp,H842,Judges,3,883,26
רִשְׁעָתַ֔יִם,H3573,"riš·‘ā·ṯa·yim,",Cushan-rishathaim,N‑proper‑ms,H3573,Judges,3,889,26
נַהֲרָ֑יִם,H763,na·hă·rā·yim;,Mesopotamia,N‑proper‑fs,H763,Judges,3,891,26
שְׁמֹנֶ֥ה,H8083,šə·mō·neh,eight,Number‑fs,H8083,Judges,3,897,26
רֽוּחַ־,H7307,rū·aḥ-,the Spirit,N‑csc,H7307,Judges,3,918,26
אֲרָ֑ם,H758,’ă·rām;,of Syria,N‑proper‑fs,H758,Judges,3,931,26
וַתָּ֣עָז,H5810,wat·tā·‘āz,and prevailed,Conj‑w | V‑Qal‑ConsecImperf‑3fs,H5810,Judges,3,932,26
אַרְבָּעִ֣ים,H705,’ar·bā·‘îm,forty,Number‑cp,H705,Judges,3,937,26
עֶגְל֤וֹן,H5700,‘eḡ·lō·wn,Eglon,N‑proper‑ms,H5700,Judges,3,952,26
מוֹאָב֙,H4124,mō·w·’āḇ,of Moab,N‑proper‑fs,H4124,Judges,3,954,26
עַמּ֖וֹן,H5983,‘am·mō·wn,of Ammon,N‑proper‑ms,H5983,Judges,3,967,26
וַעֲמָלֵ֑ק,H6002,wa·‘ă·mā·lêq;,and Amalek,Conj‑w | N‑proper‑ms,H6002,Judges,3,968,26
עֶשְׂרֵ֖ה,H6240,‘eś·rêh,[and] ten,Number‑fs,H6240,Judges,3,984,26
אֵה֤וּד,H164,’ê·hūḏ,Ehud,N‑proper‑ms,H164,Judges,3,994,26
גֵּרָא֙,H1617,gê·rā,of Gera,N‑proper‑ms,H1617,Judges,3,996,26
הַיְמִינִ֔י,H1145,"hay·mî·nî,",the Benjamite,Art | N‑proper‑ms,H1145,Judges,3,997,26
אִטֵּ֖ר,H334,’iṭ·ṭêr,restricted,Adj‑ms,H334,Judges,3,999,26
יְמִינ֑וֹ,H3225,yə·mî·nōw;,right,N‑fsc | 3ms,H3225,Judges,3,1001,26
מִנְחָ֔ה,H4503,"min·ḥāh,",tribute,N‑fs,H4503,Judges,3,1006,26
שְׁנֵ֥י,H8147,šə·nê,two,Number‑mdc,H8147,Judges,3,1012,26
פֵי֖וֹת,H6366,p̄ê·yō·wṯ,edges,N‑mp,H6366,Judges,3,1013,26
גֹּ֣מֶד,H1574,gō·meḏ,and a cubit,N‑ms,H1574,Judges,3,1014,26
אָרְכָּ֑הּ,H753,’ā·rə·kāh;,in length,N‑msc | 3fs,H753,Judges,3,1015,26
וַיַּחְגֹּ֤ר,H2296,way·yaḥ·gōr,and fastened,Conj‑w | V‑Qal‑ConsecImperf‑3ms,H2296,Judges,3,1016,26
לְמַדָּ֔יו,H4055,"lə·mad·dāw,",under his clothes,Prep‑l | N‑mpc | 3ms,H4055,Judges,3,1019,26
יֶ֥רֶךְ,H3409,ye·reḵ,thigh,N‑fsc,H3409,Judges,3,1021,26
בָּרִ֖יא,H1277,bā·rî,Fat,Adj‑ms,H1277,Judges,3,1030,26
כִּלָּ֔ה,H3615,"kil·lāh,",finished,V‑Piel‑Perf‑3ms,H3615,Judges,3,1033,26
לְהַקְרִ֖יב,H7126,lə·haq·rîḇ,presenting,Prep‑l | V‑Hifil‑Inf,H7126,Judges,3,1034,26
הַפְּסִילִים֙,H6456,hap·pə·sî·lîm,the stone images,Art | N‑mp,H6456,Judges,3,1044,26
סֵ֥תֶר,H5643,sê·ṯer,secret,N‑ms,H5643,Judges,3,1050,26
הָ֔ס,H2013,"hās,",Keep silence,Interjection,H2013,Judges,3,1054,26
בַּעֲלִיַּ֨ת,H5944,ba·‘ă·lî·yaṯ,in upstairs chamber,Prep‑b | N‑fsc,H5944,Judges,3,1064,26
הַמְּקֵרָ֤ה,H4747,ham·mə·qê·rāh,cool,Art | N‑fs,H4747,Judges,3,1065,26
לְבַדּ֔וֹ,H905,"lə·ḇad·dōw,",private,Prep‑l | N‑msc | 3ms,H905,Judges,3,1067,26
הַכִּסֵּֽא׃,H3678,hak·kis·sê.,[his] seat,Art | N‑ms,H3678,Judges,3,1075,26
שְׂמֹאל֔וֹ,H8040,"śə·mō·lōw,",his left,N‑msc | 3ms,H8040,Judges,3,1079,26
וַיִּקַּח֙,H3947,way·yiq·qaḥ,and took,Conj‑w | V‑Qal‑ConsecImperf‑3ms,H3947,Judges,3,1080,26
וַיִּתְקָעֶ֖הָ,H8628,way·yiṯ·qā·‘e·hā,and thrust it,Conj‑w | V‑Qal‑ConsecImperf‑3ms | 3fs,H8628,Judges,3,1086,26
בְּבִטְנֽוֹ׃,H990,bə·ḇiṭ·nōw.,into his belly,Prep‑b | N‑fsc | 3ms,H990,Judges,3,1087,26
הַנִּצָּ֜ב,H5325,han·niṣ·ṣāḇ,the hilt,Art | N‑ms,H5325,Judges,3,1089,26
הַלַּ֗הַב,H3851,"hal·la·haḇ,",the blade,Art | N‑ms,H3851,Judges,3,1091,26
וַיִּסְגֹּ֤ר,H5462,way·yis·gōr,and closed,Conj‑w | V‑Qal‑ConsecImperf‑3ms,H5462,Judges,3,1092,26
הַחֵ֙לֶב֙,H2459,ha·ḥê·leḇ,the fat,Art | N‑ms,H2459,Judges,3,1093,26
בְּעַ֣ד,H1157,bə·‘aḏ,over,Prep,H1157,Judges,3,1094,26
שָׁלַ֛ף,H8025,šā·lap̄,he did draw,V‑Qal‑Perf‑3ms,H8025,Judges,3,1098,26
הַֽפַּרְשְׁדֹֽנָה׃,H6574,hap·par·šə·ḏō·nāh.,his entrails,Art | N‑ms | 3fs,H6574,Judges,3,1102,26
הַֽמִּסְדְּר֑וֹנָה,H4528,ham·mis·də·rō·w·nāh;,through the porch,Art | N‑ms | 3fs,H4528,Judges,3,1104,26
דַּלְת֧וֹת,H1817,dal·ṯō·wṯ,the doors,N‑fpc,H1817,Judges,3,1106,26
בַּעֲד֖וֹ,H5774,ba·‘ă·ḏōw,behind him,Prep | 3ms,H5774,Judges,3,1108,26
וְנָעָֽל׃,H5274,wə·nā·‘āl.,and locked them,Conj‑w | V‑Qal‑ConjPerf‑3ms,H5274,Judges,3,1109,26
אַ֣ךְ,H389,’aḵ,probably,Adv,H389,Judges,3,1119,26
מֵסִ֥יךְ,H5526,mê·sîḵ,is attending to,V‑Hifil‑Prtcpl‑ms,H5526,Judges,3,1120,26
בַּחֲדַ֥ר,H2315,ba·ḥă·ḏar,in chamber,Prep‑b | N‑msc,H2315,Judges,3,1124,26
בּ֔וֹשׁ,H954,"bō·wōš,",they were embarrassed,V‑Qal‑Inf,H954,Judges,3,1127,26
אֵינֶ֥נּוּ,H369,’ê·nen·nū,not,Adv | 3ms,H369,Judges,3,1129,26
פֹתֵ֖חַ,H6605,p̄ō·ṯê·aḥ,he had opened,V‑Qal‑Prtcpl‑ms,H6605,Judges,3,1130,26
הַמַּפְתֵּ֙חַ֙,H4668,ham·map̄·tê·aḥ,the key,Art | N‑ms,H4668,Judges,3,1135,26
אֲדֹ֣נֵיהֶ֔ם,H113,"’ă·ḏō·nê·hem,",their master,N‑mpc | 3mp,H113,Judges,3,1138,26
נִמְלַ֖ט,H4422,nim·laṭ,had escaped,V‑Nifal‑Perf‑3ms,H4422,Judges,3,1142,26
הִֽתְמַהְמְהָ֑ם,H4102,hiṯ·mah·mə·hām;,they delayed,V‑Hitpael‑Inf | 3mp,H4102,Judges,3,1144,26
הַשְּׂעִירָֽתָה׃,H8167,haś·śə·‘î·rā·ṯāh.,to Seirah,Art | N‑proper‑fs | 3fs,H8167,Judges,3,1150,26
בַּשּׁוֹפָ֖ר,H7782,baš·šō·w·p̄ār,the trumpet,"Prep‑b, Art | N‑ms",H7782,Judges,3,1153,26
מַעְבְּר֤וֹת,H4569,ma‘·bə·rō·wṯ,the fords,N‑fpc,H4569,Judges,3,1179,26
הַיַּרְדֵּן֙,H3383,hay·yar·dên,of the Jordan,Art | N‑proper‑fs,H3383,Judges,3,1180,26
בָּעֵ֣ת,H6256,bā·‘êṯ,at time,"Prep‑b, Art | N‑cs",H6256,Judges,3,1188,26
שָׁמֵ֖ן,H8082,šā·mên,stout,Adj‑ms,H8082,Judges,3,1194,26
חָ֑יִל,H2428,ḥā·yil;,of valor,N‑ms,H2428,Judges,3,1197,26
וַתִּשְׁקֹ֥ט,H8252,wat·tiš·qōṭ,And had rest,Conj‑w | V‑Qal‑ConsecImperf‑3fs,H8252,Judges,3,1207,26
שְׁמוֹנִ֥ים,H8084,šə·mō·w·nîm,eighty,Number‑cp,H8084,Judges,3,1209,26
שַׁמְגַּ֣ר,H8044,šam·gar,Shamgar,N‑proper‑ms,H8044,Judges,3,1212,26
עֲנָ֔ת,H6067,"‘ă·nāṯ,",of Anath,N‑proper‑ms,H6067,Judges,3,1214,26
שֵֽׁשׁ־,H8337,šêš-,six,Number‑fs,H8337,Judges,3,1218,26
בְּמַלְמַ֖ד,H4451,bə·mal·maḏ,with an goad,Prep‑b | N‑msc,H4451,Judges,3,1221,26
הַבָּקָ֑ר,H1241,hab·bā·qār;,ox,Art | N‑ms,H1241,Judges,3,1222,26
יָבִ֣ין,H2985,yā·ḇîn,of Jabin,N‑proper‑ms,H2985,Judges,4,1238,26
מָלַ֖ךְ,H4427,mā·laḵ,reigned,V‑Qal‑Perf‑3ms,H4427,Judges,4,1242,26
בְּחָצ֑וֹר,H2674,bə·ḥā·ṣō·wr;,in Hazor,Prep‑b | N‑proper‑fs,H2674,Judges,4,1243,26
וְשַׂר־,H8269,wə·śar-,and the commander,Conj‑w | N‑msc,H8269,Judges,4,1244,26
צְבָאוֹ֙,H6635,ṣə·ḇā·’ōw,of his army,N‑csc | 3ms,H6635,Judges,4,1245,26
סִֽיסְרָ֔א,H5516,"sî·sə·rā,",[was] Sisera,N‑proper‑ms,H5516,Judges,4,1246,26
בַּחֲרֹ֥שֶׁת,H2800,ba·ḥă·rō·šeṯ,in Harosheth Hagoyim,Prep‑b | N‑proper‑fs,H2800,Judges,4,1249,26
תְּשַׁ֨ע,H8672,tə·ša‘,nine,Number‑fsc,H8672,Judges,4,1256,26
בְּחָזְקָ֖ה,H2394,bə·ḥā·zə·qāh,Harshly,Prep‑b | N‑fs,H2394,Judges,4,1265,26
עֶשְׂרִ֥ים,H6242,‘eś·rîm,twenty,Number‑cp,H6242,Judges,4,1266,26
נְבִיאָ֔ה,H5031,"nə·ḇî·’āh,",a prophetess,N‑fs,H5031,Judges,4,1269,26
לַפִּיד֑וֹת,H3941,lap·pî·ḏō·wṯ;,of Lapidoth,N‑proper‑ms,H3941,Judges,4,1271,26
תֹּ֜מֶר,H8560,tō·mer,the palm tree,N‑msc,H8560,Judges,4,1280,26
דְּבוֹרָ֗ה,H1683,"də·ḇō·w·rāh,",of Deborah,N‑proper‑fs,H1683,Judges,4,1281,26
בֵּ֧ין,H996,bên,between,Prep,H996,Judges,4,1282,26
הָרָמָ֛ה,H7414,hā·rā·māh,Ramah,Art | N‑proper‑fs,H7414,Judges,4,1283,26
לַמִּשְׁפָּֽט׃,H4941,lam·miš·pāṭ.,for judgment,"Prep‑l, Art | N‑ms",H4941,Judges,4,1292,26
לְבָרָ֣ק,H1301,lə·ḇā·rāq,for Barak,Prep‑l | N‑proper‑ms,H1301,Judges,4,1294,26
אֲבִינֹ֔עַם,H42,"’ă·ḇî·nō·‘am,",of Abinoam,N‑proper‑ms,H42,Judges,4,1296,26
מִקֶּ֖דֶשׁ,H6943,miq·qe·ḏeš,from Kedesh in,Prep‑m | N‑proper‑fs,H6943,Judges,4,1297,26
נַפְתָּלִ֑י,H5321,nap̄·tā·lî;,Naphtali,N‑proper‑ms,H5321,Judges,4,1298,26
וּמָֽשַׁכְתָּ֙,H4900,ū·mā·šaḵ·tā,and deploy [troops],Conj‑w | V‑Qal‑ConjPerf‑2ms,H4900,Judges,4,1307,26
תָּב֔וֹר,H8396,"tā·ḇō·wr,",Tabor,N‑proper‑fs,H8396,Judges,4,1309,26
זְבֻלֽוּן׃,H2074,zə·ḇu·lūn.,of Zebulun,N‑proper‑ms,H2074,Judges,4,1318,26
נַ֣חַל,H5158,na·ḥal,the River,N‑msc,H5158,Judges,4,1321,26
קִישׁ֗וֹן,H7028,"qî·šō·wn,",Kishon,N‑proper‑fs,H7028,Judges,4,1322,26
הֲמוֹנ֑וֹ,H1995,hă·mō·w·nōw;,his multitude,N‑msc | 3ms,H1995,Judges,4,1331,26
אֶ֚פֶס,H657,’e·p̄es,nevertheless,N‑ms,H657,Judges,4,1349,26
תִּֽפְאַרְתְּךָ֗,H8597,"tip̄·’ar·tə·ḵā,",glory for you,N‑fsc | 2ms,H8597,Judges,4,1353,26
אַתָּ֣ה,H859,’at·tāh,you,Pro‑2ms,H859,Judges,4,1357,26
נִפְרָ֣ד,H6504,nip̄·rāḏ,had separated himself,V‑Nifal‑Prtcpl‑ms,H6504,Judges,4,1387,26
חֹבָ֖ב,H2246,ḥō·ḇāḇ,of Hobab,N‑proper‑ms,H2246,Judges,4,1390,26
וַיֵּ֣ט,H5186,way·yêṭ,and pitched,Conj‑w | V‑Qal‑ConsecImperf‑3ms,H5186,Judges,4,1393,26
אָהֳל֔וֹ,H168,"’ā·ho·lōw,",his tent,N‑msc | 3ms,H168,Judges,4,1394,26
אֵל֥וֹן,H436,’ê·lō·wn,the terebinth tree,N‑ms,H436,Judges,4,1396,26
(בְּצַעֲנַנִּ֖ים),H6815,bə·ṣa·‘ă·nan·nîm,at Zaanannim,Prep‑b | N‑proper‑fs,H6815,Judges,4,1397,26
הַֽמַּחֲנֶ֛ה,H4264,ham·ma·ḥă·neh,[his] army,Art | N‑cs,H4264,Judges,4,1460,26
הַמֶּרְכָּבָ֖ה,H4818,ham·mer·kā·ḇāh,[his] chariot,Art | N‑fs,H4818,Judges,4,1468,26
וַיָּ֥נָס,H5127,way·yā·nās,and fled away,Conj‑w | V‑Qal‑ConsecImperf‑3ms,H5127,Judges,4,1469,26
נִשְׁאַ֖ר,H7604,niš·’ar,was left,V‑Nifal‑Perf‑3ms,H7604,Judges,4,1486,26
אֶחָֽד׃,H259,’e·ḥāḏ.,one,Number‑ms,H259,Judges,4,1488,26
יָעֵ֔ל,H3278,"yā·‘êl,",of Jael,N‑proper‑fs,H3278,Judges,4,1493,26
חֶ֣בֶר,H2268,ḥe·ḇer,of Heber,N‑proper‑ms,H2268,Judges,4,1495,26
שָׁל֗וֹם,H7965,"šā·lō·wm,",[there was] peace,N‑ms,H7965,Judges,4,1498,26
לִקְרַ֣את,H7125,liq·raṯ,to meet,Prep‑l | V‑Qal‑Inf,H7125,Judges,4,1508,26
אַל־,H408,’al-,not,Adv,H408,Judges,4,1516,26
תִּירָ֑א,H3372,tî·rā;,Do fear,V‑Qal‑Imperf‑2ms,H3372,Judges,4,1517,26
וַתְּכַסֵּ֖הוּ,H3680,wat·tə·ḵas·sê·hū,and she covered him,Conj‑w | V‑Piel‑ConsecImperf‑3fs | 3ms,H3680,Judges,4,1521,26
בַּשְּׂמִיכָֽה׃,H8063,baś·śə·mî·ḵāh.,with a blanket,"Prep‑b, Art | N‑fs",H8063,Judges,4,1522,26
הַשְׁקִינִי־,H8248,haš·qî·nî-,give me to drink,V‑Hifil‑Imp‑fs | 1cs,H8248,Judges,4,1524,26
מְעַט־,H4592,mə·‘aṭ-,little,Adj‑msc,H4592,Judges,4,1526,26
צָמֵ֑אתִי,H6770,ṣā·mê·ṯî;,I am thirsty,V‑Qal‑Perf‑1cs,H6770,Judges,4,1529,26
נֹ֧אוד,H4997,nō·wḏ,a jug,N‑msc,H4997,Judges,4,1532,26
הֶחָלָ֛ב,H2461,he·ḥā·lāḇ,of milk,Art | N‑ms,H2461,Judges,4,1533,26
פֶּ֣תַח,H6607,pe·ṯaḥ,at the door,N‑msc,H6607,Judges,4,1538,26
הֲיֵֽשׁ־,H3426,hă·yêš-,is there,Adv,H3426,Judges,4,1546,26
פֹּ֥ה,H6311,pōh,here,Adv,H6311,Judges,4,1547,26
יְתַ֨ד,H3489,yə·ṯaḏ,a peg,N‑fsc,H3489,Judges,4,1555,26
הַמַּקֶּ֣בֶת,H4718,ham·maq·qe·ḇeṯ,a hammer,Art | N‑fs,H4718,Judges,4,1559,26
בַּלָּ֔אט,H3909,"bal·lāṭ,",softly,"Prep‑b, Art | N‑ms",H3909,Judges,4,1563,26
בְּרַקָּת֔וֹ,H7541,"bə·raq·qā·ṯōw,",into his temple,Prep‑b | N‑fsc | 3ms,H7541,Judges,4,1567,26
נִרְדָּ֥ם,H7290,nir·dām,was fast asleep,V‑Nifal‑Prtcpl‑ms,H7290,Judges,4,1571,26
מְבַקֵּ֑שׁ,H1245,mə·ḇaq·qêš;,seek,V‑Piel‑Prtcpl‑ms,H1245,Judges,4,1588,26
פְּרָעוֹת֙,H6546,pə·rā·‘ō·wṯ,leaders,N‑fp,H6546,Judges,5,1630,26
בְּהִתְנַדֵּ֖ב,H5068,bə·hiṯ·nad·dêḇ,when willingly offer themselves,Prep‑b | V‑Hitpael‑Inf,H5068,Judges,5,1632,26
בָּרֲכ֖וּ,H1288,bā·ră·ḵū,Bless,V‑Piel‑Imp‑mp,H1288,Judges,5,1634,26
הַאֲזִ֖ינוּ,H238,ha·’ă·zî·nū,Give ear,V‑Hifil‑Imp‑mp,H238,Judges,5,1637,26
רֹֽזְנִ֑ים,H7336,rō·zə·nîm;,princes,V‑Qal‑Prtcpl‑mp,H7336,Judges,5,1638,26
אָֽנֹכִ֗י,H595,"’ā·nō·ḵî,",I,Pro‑1cs,H595,Judges,5,1639,26
אָשִׁ֔ירָה,H7891,"’ā·šî·rāh,",will sing,V‑Qal‑Imperf.Cohort‑1cs,H7891,Judges,5,1642,26
אֲזַמֵּ֕ר,H2167,’ă·zam·mêr,I will sing,V‑Piel‑Imperf‑1cs,H2167,Judges,5,1643,26
מִשֵּׂעִיר֙,H8165,miś·śê·‘îr,from Seir,Prep‑m | N‑proper‑fs,H8165,Judges,5,1648,26
בְּצַעְדְּךָ֙,H6805,bə·ṣa‘·də·ḵā,when You marched,Prep‑b | V‑Qal‑Inf | 2ms,H6805,Judges,5,1649,26
אֱד֔וֹם,H123,"’ĕ·ḏō·wm,",of Edom,N‑proper‑ms,H123,Judges,5,1651,26
רָעָ֔שָׁה,H7493,"rā·‘ā·šāh,",trembled,V‑Qal‑Perf‑3fs,H7493,Judges,5,1653,26
שָׁמַ֖יִם,H8064,šā·ma·yim,the heavens,N‑mp,H8064,Judges,5,1655,26
נָטָ֑פוּ,H5197,nā·ṭā·p̄ū;,poured,V‑Qal‑Perf‑3cp,H5197,Judges,5,1656,26
עָבִ֖ים,H5645,‘ā·ḇîm,the clouds,N‑cp,H5645,Judges,5,1658,26
נָזְל֖וּ,H5140,nā·zə·lū,gushed,V‑Qal‑Perf‑3cp,H5140,Judges,5,1661,26
סִינַ֔י,H5514,"sî·nay,",Sinai,N‑proper‑fs,H5514,Judges,5,1665,26
חָדְל֖וּ,H2308,ḥā·ḏə·lū,were deserted,V‑Qal‑Perf‑3cp,H2308,Judges,5,1675,26
אֳרָח֑וֹת,H734,’o·rā·ḥō·wṯ;,the highways,N‑cp,H734,Judges,5,1676,26
נְתִיב֔וֹת,H5410,"nə·ṯî·ḇō·wṯ,",the travelers,N‑fp,H5410,Judges,5,1678,26
עֲקַלְקַלּֽוֹת׃,H6128,‘ă·qal·qal·lō·wṯ.,[along] the byways,Adj‑fp,H6128,Judges,5,1681,26
פְרָז֛וֹן,H6520,p̄ə·rā·zō·wn,Village life,N‑ms,H6520,Judges,5,1682,26
אֵ֖ם,H517,’êm,a mother,N‑fs,H517,Judges,5,1689,26
חֲדָשִׁ֔ים,H2319,"ḥă·ḏā·šîm,",new,Adj‑mp,H2319,Judges,5,1692,26
אָ֖ז,H227,’āz,then,Adv,H227,Judges,5,1693,26
לָחֶ֣ם,H3901,lā·ḥem,[there was] war,N‑ms,H3901,Judges,5,1694,26
שְׁעָרִ֑ים,H8179,šə·‘ā·rîm;,in the gates,N‑mp,H8179,Judges,5,1695,26
מָגֵ֤ן,H4043,mā·ḡên,A shield,N‑cs,H4043,Judges,5,1696,26
וָרֹ֔מַח,H7420,"wā·rō·maḥ,",or spear,Conj‑w | N‑ms,H7420,Judges,5,1699,26
לְחוֹקְקֵ֣י,H2710,lə·ḥō·wq·qê,with the rulers,Prep‑l | V‑Qal‑Prtcpl‑mpc,H2710,Judges,5,1703,26
אֲתֹנ֨וֹת,H860,’ă·ṯō·nō·wṯ,on donkeys,N‑fp,H860,Judges,5,1709,26
צְחֹר֜וֹת,H6715,ṣə·ḥō·rō·wṯ,white,Adj‑fp,H6715,Judges,5,1710,26
שִֽׂיחוּ׃,H7878,śî·ḥū.,Speak,V‑Qal‑Imp‑mp,H7878,Judges,5,1717,26
מְחַֽצְצִ֗ים,H2686,"mə·ḥaṣ·ṣîm,",of the archers,V‑Piel‑Prtcpl‑mp,H2686,Judges,5,1718,26
מַשְׁאַבִּ֔ים,H4857,"maš·’ab·bîm,",the watering places,N‑mp,H4857,Judges,5,1720,26
יְתַנּוּ֙,H8567,yə·ṯan·nū,they shall recount,V‑Piel‑Imperf‑3mp,H8567,Judges,5,1722,26
צִדְק֣וֹת,H6666,ṣiḏ·qō·wṯ,the righteous acts,N‑fpc,H6666,Judges,5,1723,26
עוּרִי֙,H5782,‘ū·rî,awake,V‑Qal‑Imp‑fs,H5782,Judges,5,1733,26
שִׁ֑יר,H7892,šîr;,a song,N‑ms,H7892,Judges,5,1738,26
וּֽשֲׁבֵ֥ה,H7628,ū·šă·ḇêh,and lead away,Conj‑w | V‑Qal‑Imp‑ms,H7628,Judges,5,1741,26
שֶׁבְיְךָ֖,H7617,šeḇ·yə·ḵā,your captives,N‑msc | 2ms,H7617,Judges,5,1742,26
יְרַ֣ד,H7287,yə·raḏ,came down,V‑Qal‑Perf‑3ms,H7287,Judges,5,1745,26
שָׂרִ֔יד,H8300,"śā·rîḏ,",the survivors,N‑ms,H8300,Judges,5,1746,26
לְאַדִּירִ֖ים,H117,lə·’ad·dî·rîm,against the nobles,Prep‑l | N‑mp,H117,Judges,5,1747,26
בַּגִּבּוֹרִֽים׃,H1368,bag·gib·bō·w·rîm.,against the mighty,"Prep‑b, Art | Adj‑mp",H1368,Judges,5,1751,26
שָׁרְשָׁם֙,H8328,šā·rə·šām,[were] those whose roots were,N‑msc | 3mp,H8328,Judges,5,1753,26
מָכִ֗יר,H4353,"mā·ḵîr,",Machir,N‑proper‑ms,H4353,Judges,5,1759,26
בְּשֵׁ֥בֶט,H7626,bə·šê·ḇeṭ,the,Prep‑b | N‑msc,H7626,Judges,5,1764,26
סֹפֵֽר׃,H5608,sō·p̄êr.,recruiter's staff,N‑ms,H5608,Judges,5,1765,26
בְּיִשָּׂשכָר֙,H3485,bə·yiś·śā·š·ḵār,of Issachar,Prep‑b | N‑proper‑ms,H3485,Judges,5,1766,26
בִּפְלַגּ֣וֹת,H6391,bip̄·lag·gō·wṯ,Among the divisions,Prep‑b | N‑fpc,H6391,Judges,5,1775,26
רְאוּבֵ֔ן,H7205,"rə·’ū·ḇên,",of Reuben,N‑proper‑ms,H7205,Judges,5,1776,26
חִקְקֵי־,H2711,ḥiq·qê-,resolves,N‑mpc,H2711,Judges,5,1778,26
לֵֽב׃,H3820,lêḇ.,of heart,N‑ms,H3820,Judges,5,1779,26
הַֽמִּשְׁפְּתַ֔יִם,H4942,"ham·miš·pə·ṯa·yim,",the sheepfolds,Art | N‑md,H4942,Judges,5,1782,26
שְׁרִק֣וֹת,H8292,šə·ri·qō·wṯ,the pipings for,N‑fpc,H8292,Judges,5,1784,26
עֲדָרִ֑ים,H5739,‘ă·ḏā·rîm;,the flocks,N‑mp,H5739,Judges,5,1785,26
חִקְרֵי־,H2714,ḥiq·rê-,have searchings,N‑mpc,H2714,Judges,5,1789,26
בְּעֵ֤בֶר,H5676,bə·‘ê·ḇer,beyond,Prep‑b | N‑msc,H5676,Judges,5,1791,26
שָׁכֵ֔ן,H7931,"šā·ḵên,",stayed,V‑Qal‑Perf‑3ms,H7931,Judges,5,1793,26
יָג֖וּר,H1481,yā·ḡūr,did remain,V‑Qal‑Imperf‑3ms,H1481,Judges,5,1796,26
אֳנִיּ֑וֹת,H591,’o·nî·yō·wṯ;,on ships,N‑fp,H591,Judges,5,1797,26
אָשֵׁ֗ר,H836,"’ā·šêr,",Asher,N‑proper‑ms,H836,Judges,5,1798,26
לְח֣וֹף,H2348,lə·ḥō·wp̄,at the,Prep‑l | N‑msc,H2348,Judges,5,1800,26
יַמִּ֔ים,H3220,"yam·mîm,",seashore,N‑mp,H3220,Judges,5,1801,26
מִפְרָצָ֖יו,H4664,mip̄·rā·ṣāw,his inlets,N‑mpc | 3ms,H4664,Judges,5,1803,26
חֵרֵ֥ף,H2778,ḥê·rêp̄,[who] jeopardized,V‑Piel‑Perf‑3ms,H2778,Judges,5,1806,26
נַפְשׁ֛וֹ,H5315,nap̄·šōw,their lives,N‑fsc | 3ms,H5315,Judges,5,1807,26
מְרוֹמֵ֥י,H4791,mə·rō·w·mê,the heights,N‑mpc,H4791,Judges,5,1811,26
בֶּ֥צַע,H1215,be·ṣa‘,spoils,N‑msc,H1215,Judges,5,1823,26
כֶּ֖סֶף,H3701,ke·sep̄,of silver,N‑ms,H3701,Judges,5,1824,26
הַכּֽוֹכָבִים֙,H3556,hak·kō·w·ḵā·ḇîm,the stars,Art | N‑mp,H3556,Judges,5,1829,26
מִמְּסִלּוֹתָ֔ם,H4546,"mim·mə·sil·lō·w·ṯām,",from their courses,Prep‑m | N‑fpc | 3mp,H4546,Judges,5,1830,26
גְּרָפָ֔ם,H1640,"gə·rā·p̄ām,",swept them away,V‑Qal‑Perf‑3ms | 3mp,H1640,Judges,5,1835,26
קְדוּמִ֖ים,H6917,qə·ḏū·mîm,that ancient,N‑mp,H6917,Judges,5,1837,26
תִּדְרְכִ֥י,H1869,tiḏ·rə·ḵî,March on,V‑Qal‑Imperf‑2fs,H1869,Judges,5,1840,26
עֹֽז׃,H5797,‘ōz.,in strength,N‑ms,H5797,Judges,5,1842,26
הָלְמ֖וּ,H1986,hā·lə·mū,pounded,V‑Qal‑Perf‑3cp,H1986,Judges,5,1843,26
עִקְּבֵי־,H6119,‘iq·qə·ḇê-,hooves,N‑mpc,H6119,Judges,5,1844,26
ס֑וּס,H5483,sūs;,of the horses,N‑ms,H5483,Judges,5,1845,26
מִֽדַּהֲר֖וֹת,H1726,mid·da·hă·rō·wṯ,the galloping,Prep‑m | N‑fp,H1726,Judges,5,1846,26
אַבִּירָֽיו׃,H47,’ab·bî·rāw.,of his mighty [steeds],Adj‑mpc | 3ms,H47,Judges,5,1848,26
מֵר֗וֹז,H4789,"mê·rō·wz,",Meroz,N‑proper‑ms,H4789,Judges,5,1849,26
אֹ֥רוּ,H779,’ō·rū,Curse,V‑Qal‑Imp‑mp,H779,Judges,5,1853,26
לְעֶזְרַ֣ת,H5833,lə·‘ez·raṯ,to the help,Prep‑l | N‑fsc,H5833,Judges,5,1859,26
בְּסֵ֥פֶל,H5602,bə·sê·p̄el,in a bowl,Prep‑b | N‑msc,H5602,Judges,5,1875,26
חֶמְאָֽה׃,H2529,ḥem·’āh.,cream,N‑fs,H2529,Judges,5,1878,26
לְהַלְמ֣וּת,H1989,lə·hal·mūṯ,to the hammer,Prep‑l | N‑fsc,H1989,Judges,5,1882,26
עֲמֵלִ֑ים,H6001,‘ă·mê·lîm;,of workmen,N‑mp,H6001,Judges,5,1883,26
מָחֲקָ֣ה,H4277,mā·ḥă·qāh,she pierced,V‑Qal‑Perf‑3fs,H4277,Judges,5,1886,26
רֹאשׁ֔וֹ,H7218,"rō·šōw,",his head,N‑msc | 3ms,H7218,Judges,5,1887,26
וּמָחֲצָ֥ה,H4272,ū·mā·ḥă·ṣāh,and she split,Conj‑w | V‑Qal‑ConjPerf‑3fs,H4272,Judges,5,1888,26
וְחָלְפָ֖ה,H2498,wə·ḥā·lə·p̄āh,and struck through,Conj‑w | V‑Qal‑ConjPerf‑3fs,H2498,Judges,5,1889,26
כָּרַ֥ע,H3766,kā·ra‘,he sank,V‑Qal‑Perf‑3ms,H3766,Judges,5,1892,26
שָׁכָ֑ב,H7901,šā·ḵāḇ;,he lay still,V‑Qal‑Perf‑3ms,H7901,Judges,5,1894,26
שָׁדֽוּד׃,H7703,šā·ḏūḏ.,dead,V‑Qal‑QalPassPrtcpl‑ms,H7703,Judges,5,1903,26
הַחַלּ֨וֹן,H2474,ha·ḥal·lō·wn,the window,Art | N‑cs,H2474,Judges,5,1904,26
נִשְׁקְפָ֧ה,H8259,niš·qə·p̄āh,looked,V‑Nifal‑Perf‑3fs,H8259,Judges,5,1905,26
וַתְּיַבֵּ֛ב,H2980,wat·tə·yab·bêḇ,and cried out,Conj‑w | V‑Piel‑ConsecImperf‑3fs,H2980,Judges,5,1906,26
הָֽאֶשְׁנָ֑ב,H822,hā·’eš·nāḇ;,the lattice,Art | N‑ms,H822,Judges,5,1910,26
מַדּ֗וּעַ,H4069,"mad·dū·a‘,",why,Interrog,H4069,Judges,5,1911,26
אֶֽחֱר֔וּ,H309,"’e·ḥĕ·rū,",tarries,V‑Piel‑Perf‑3cp,H309,Judges,5,1916,26
פַּעֲמֵ֖י,H6471,pa·‘ă·mê,the clatter,N‑fpc,H6471,Judges,5,1917,26
שָׂרוֹתֶ֖יהָ,H8282,śā·rō·w·ṯe·hā,Her ladies,N‑fpc | 3fs,H8282,Judges,5,1919,26
תַּעֲנֶ֑ינָּה,H6030,ta·‘ă·nen·nāh;,answered her,V‑Qal‑Imperf‑3fp,H6030,Judges,5,1920,26
אַף־,H637,’ap̄-,Yes,Conj,H637,Judges,5,1921,26
יִמְצְא֜וּ,H4672,yim·ṣə·’ū,they finding,V‑Qal‑Imperf‑3mp,H4672,Judges,5,1925,26
יְחַלְּק֣וּ,H2505,yə·ḥal·lə·qū,and dividing,V‑Piel‑Imperf‑3mp,H2505,Judges,5,1926,26
שָׁלָ֗ל,H7998,"šā·lāl,",the spoil,N‑ms,H7998,Judges,5,1927,26
רַ֤חַם,H7356,ra·ḥam,a young woman,N‑fs,H7356,Judges,5,1928,26
רַחֲמָתַ֙יִם֙,H7361,ra·ḥă·mā·ṯa·yim,-,N‑fd,H7361,Judges,5,1929,26
גֶּ֔בֶר,H1397,"ge·ḇer,",man,N‑ms,H1397,Judges,5,1931,26
צְבָעִים֙,H6648,ṣə·ḇā·‘îm,of dyed garments,N‑mp,H6648,Judges,5,1933,26
רִקְמָ֑ה,H7553,riq·māh;,embroidered,N‑fs,H7553,Judges,5,1937,26
לְצַוְּארֵ֥י,H6677,lə·ṣaw·wə·rê,for the neck,Prep‑l | N‑mpc,H6677,Judges,5,1940,26
יֹאבְד֤וּ,H6,yō·ḇə·ḏū,let perish,V‑Qal‑Imperf‑3mp,H6,Judges,5,1942,26
וְאֹ֣הֲבָ֔יו,H157,"wə·’ō·hă·ḇāw,",but [let] those who love Him [be] like,Conj‑w | V‑Qal‑Prtcpl‑mpc | 3ms,H157,Judges,5,1946,26
הַשֶּׁ֖מֶשׁ,H8121,haš·še·meš,the sun,Art | N‑cs,H8121,Judges,5,1948,26
בִּגְבֻרָת֑וֹ,H1369,biḡ·ḇu·rā·ṯōw;,in full strength,Prep‑b | N‑fsc | 3ms,H1369,Judges,5,1949,26
מִדְיָ֖ן,H4080,miḏ·yān,of Midian,N‑proper‑ms,H4080,Judges,6,1962,26
שֶׁ֥בַע,H7651,še·ḇa‘,seven,Number‑fs,H7651,Judges,6,1963,26
הַמִּנְהָרוֹת֙,H4492,ham·min·hā·rō·wṯ,the dens,Art | N‑fp,H4492,Judges,6,1975,26
הַמְּעָר֖וֹת,H4631,ham·mə·‘ā·rō·wṯ,the caves,Art | N‑fp,H4631,Judges,6,1979,26
הַמְּצָדֽוֹת׃,H4679,ham·mə·ṣā·ḏō·wṯ.,the strongholds,Art | N‑fp,H4679,Judges,6,1981,26
זָרַ֣ע,H2232,zā·ra‘,had sown,V‑Qal‑Perf‑3ms,H2232,Judges,6,1983,26
קֶ֖דֶם,H6924,qe·ḏem,of the East,N‑ms,H6924,Judges,6,1989,26
יְב֣וּל,H2981,yə·ḇūl,the produce,N‑msc,H2981,Judges,6,1995,26
מִֽחְיָה֙,H4241,miḥ·yāh,sustenance,N‑fs,H4241,Judges,6,2002,26
וְשֶׂ֥ה,H7716,wə·śeh,and neither sheep,Conj‑w | N‑ms,H7716,Judges,6,2004,26
וָשׁ֖וֹר,H7794,wā·šō·wr,nor ox,Conj‑w | N‑ms,H7794,Judges,6,2005,26
וּמִקְנֵיהֶ֨ם,H4735,ū·miq·nê·hem,and with their livestock,Conj‑w | N‑mpc | 3mp,H4735,Judges,6,2008,26
כְדֵֽי־,H1767,ḵə·ḏê-,as numerous as,Prep‑k | N‑msc,H1767,Judges,6,2012,26
אַרְבֶּה֙,H697,’ar·beh,locusts,N‑ms,H697,Judges,6,2013,26
לָרֹ֔ב,H7230,"lā·rōḇ,",for number,"Prep‑l, Art | N‑ms",H7230,Judges,6,2014,26
וְלִגְמַלֵּיהֶ֖ם,H1581,wə·liḡ·mal·lê·hem,and their camels,"Conj‑w, Prep‑l | N‑mpc | 3mp",H1581,Judges,6,2015,26
מִסְפָּ֑ר,H4557,mis·pār;,number,N‑ms,H4557,Judges,6,2017,26
וַיִּזְעֲק֥וּ,H2199,way·yiz·‘ă·qū,and cried out,Conj‑w | V‑Qal‑ConsecImperf‑3mp,H2199,Judges,6,2025,26
אֹד֥וֹת,H182,’ō·ḏō·wṯ,because,N‑fpc,H182,Judges,6,2037,26
נָבִ֖יא,H5030,nā·ḇî,a prophet,N‑ms,H5030,Judges,6,2041,26
כֹּה־,H3541,kōh-,thus,Adv,H3541,Judges,6,2046,26
מִצְרַ֔יִם,H4713,"miṣ·ra·yim,",Egypt,N‑proper‑fs,H4713,Judges,6,2061,26
הָֽאֵלָה֙,H424,hā·’ê·lāh,the terebinth [tree],Art | N‑fs,H424,Judges,6,2090,26
בְּעָפְרָ֔ה,H6084,"bə·‘ā·p̄ə·rāh,",in Ophrah,Prep‑b | N‑proper‑fs,H6084,Judges,6,2092,26
לְיוֹאָ֖שׁ,H3101,lə·yō·w·’āš,to Joash,Prep‑l | N‑proper‑ms,H3101,Judges,6,2094,26
הָֽעֶזְרִ֑י,H33,hā·‘ez·rî;,the Abiezrite,N‑proper‑ms,H33,Judges,6,2095,26
וְגִדְע֣וֹן,H1439,wə·ḡiḏ·‘ō·wn,and while Gideon,Conj‑w | N‑proper‑ms,H1439,Judges,6,2096,26
חֹבֵ֤ט,H2251,ḥō·ḇêṭ,threshed,V‑Qal‑Prtcpl‑ms,H2251,Judges,6,2098,26
חִטִּים֙,H2406,ḥiṭ·ṭîm,wheat,N‑fp,H2406,Judges,6,2099,26
בַּגַּ֔ת,H1660,"bag·gaṯ,",in the winepress,"Prep‑b, Art | N‑fs",H1660,Judges,6,2100,26
בִּ֣י,H994,bî,O,Prep | 1cs,H994,Judges,6,2115,26
וְאַיֵּ֣ה,H346,wə·’ay·yêh,and where [are],Conj‑w | Interrog,H346,Judges,6,2124,26
נִפְלְאֹתָ֡יו,H6381,nip̄·lə·’ō·ṯāw,His miracles,V‑Nifal‑Prtcpl‑fpc | 3ms,H6381,Judges,6,2126,26
וְעַתָּה֙,H6258,wə·‘at·tāh,but now,Conj‑w | Adv,H6258,Judges,6,2135,26
נְטָשָׁ֣נוּ,H5203,nə·ṭā·šā·nū,has forsaken us,V‑Qal‑Perf‑3ms | 1cp,H5203,Judges,6,2136,26
בְּכַף־,H3709,bə·ḵap̄-,into the hands,Prep‑b | N‑fsc,H3709,Judges,6,2139,26
בְּכֹחֲךָ֣,H3581,bə·ḵō·ḥă·ḵā,in might of yours,Prep‑b | N‑msc | 2ms,H3581,Judges,6,2145,26
אֲדֹנָ֔י,H136,"’ă·ḏō·nāy,",my Lord,N‑proper‑ms,H136,Judges,6,2156,26
אַלְפִּי֙,H504,’al·pî,my clan [is],N‑msc | 1cs,H504,Judges,6,2162,26
הַדַּ֣ל,H1800,had·dal,the poorest,Art | Adj‑ms,H1800,Judges,6,2163,26
הַצָּעִ֖יר,H6810,haṣ·ṣā·‘îr,the least,Art | Adj‑ms,H6810,Judges,6,2166,26
חֵ֖ן,H2580,ḥên,favor,N‑ms,H2580,Judges,6,2183,26
א֔וֹת,H226,"’ō·wṯ,",a sign,N‑cs,H226,Judges,6,2186,26
תָמֻ֤שׁ,H4185,ṯā·muš,do depart,V‑Qal‑Imperf‑2ms,H4185,Judges,6,2191,26
גְּדִֽי־,H1423,gə·ḏî-,a young goat,N‑msc,H1423,Judges,6,2208,26
עִזִּים֙,H5795,‘iz·zîm,a young goat,N‑fp,H5795,Judges,6,2209,26
וְאֵיפַת־,H374,wə·’ê·p̄aṯ-,and an ephah,Conj‑w | N‑fsc,H374,Judges,6,2210,26
קֶ֣מַח,H7058,qe·maḥ,of flour,N‑msc,H7058,Judges,6,2211,26
מַצּ֔וֹת,H4682,"maṣ·ṣō·wṯ,",unleavened bread from,N‑fp,H4682,Judges,6,2212,26
הַבָּשָׂר֙,H1320,hab·bā·śār,the meat,Art | N‑ms,H1320,Judges,6,2213,26
בַּסַּ֔ל,H5536,"bas·sal,",in a basket,"Prep‑b, Art | N‑ms",H5536,Judges,6,2215,26
וְהַמָּרַ֖ק,H4839,wə·ham·mā·raq,and the broth,"Conj‑w, Art | N‑ms",H4839,Judges,6,2216,26
בַּפָּר֑וּר,H6517,bap·pā·rūr;,in a pot,"Prep‑b, Art | N‑ms",H6517,Judges,6,2218,26
וַיַּגַּֽשׁ׃,H5066,way·yag·gaš.,and presented [them],Conj‑w | V‑Hifil‑ConsecImperf‑3ms,H5066,Judges,6,2224,26
הַלָּ֔ז,H1975,"hal·lāz,",this,Pro‑ms,H1975,Judges,6,2236,26
שְׁפ֑וֹךְ,H8210,šə·p̄ō·wḵ;,Pour out,V‑Qal‑Imp‑ms,H8210,Judges,6,2239,26
קְצֵ֤ה,H7097,qə·ṣêh,the end,N‑msc,H7097,Judges,6,2245,26
הַמִּשְׁעֶ֙נֶת֙,H4938,ham·miš·‘e·neṯ,of the staff,Art | N‑fs,H4938,Judges,6,2246,26
וַיִּגַּ֥ע,H5060,way·yig·ga‘,and touched,Conj‑w | V‑Qal‑ConsecImperf‑3ms,H5060,Judges,6,2249,26
הַצּ֗וּר,H6697,"haṣ·ṣūr,",of the rock,Art | N‑ms,H6697,Judges,6,2255,26
וַתֹּ֤אכַל,H398,wat·tō·ḵal,and consumed,Conj‑w | V‑Qal‑ConsecImperf‑3fs,H398,Judges,6,2256,26
אֲהָהּ֙,H162,’ă·hāh,Alas,Interjection,H162,Judges,6,2272,26
יְהוִ֔ה,H3069,"Yah·weh,",GOD,N‑proper‑ms,H3069,Judges,6,2274,26
בַּלַּ֣יְלָה,H3915,bal·lay·lāh,night,"Prep‑b, Art | N‑ms",H3915,Judges,6,2303,26
פַּר־,H6499,par-,-,N‑msc,H6499,Judges,6,2309,26
הַשֵּׁנִ֖י,H8145,haš·šê·nî,of the second,Art | Number‑oms,H8145,Judges,6,2314,26
וְהָרַסְתָּ֗,H2040,"wə·hā·ras·tā,",and tear down,Conj‑w | V‑Qal‑ConjPerf‑2ms,H2040,Judges,6,2317,26
הַמָּע֛וֹז,H4581,ham·mā·‘ō·wz,of rock,Art | N‑ms,H4581,Judges,6,2333,26
בַּמַּֽעֲרָכָ֑ה,H4634,bam·ma·‘ă·rā·ḵāh;,in the proper arrangement,"Prep‑b, Art | N‑fs",H4634,Judges,6,2335,26
עוֹלָ֔ה,H5930,"‘ō·w·lāh,",a burnt sacrifice,N‑fs,H5930,Judges,6,2341,26
בַּעֲצֵ֥י,H6086,ba·‘ă·ṣê,with the wood,Prep‑b | N‑mpc,H6086,Judges,6,2342,26
יוֹמָ֖ם,H3119,yō·w·mām,by day,Adv,H3119,Judges,6,2365,26
בַּבֹּ֔קֶר,H1242,"bab·bō·qer,",in the morning,"Prep‑b, Art | N‑ms",H1242,Judges,6,2370,26
רֵעֵ֔הוּ,H7453,"rê·‘ê·hū,",another,N‑msc | 3ms,H7453,Judges,6,2388,26
וַֽיִּדְרְשׁוּ֙,H1875,way·yiḏ·rə·šū,and when they had inquired,Conj‑w | V‑Qal‑ConsecImperf‑3mp,H1875,Judges,6,2393,26
תְּרִיב֣וּן,H7378,tə·rî·ḇūn,plead,V‑Qal‑Imperf‑2mp | Pn,H7378,Judges,6,2426,26
יְרֻבַּ֣עַל,H3378,yə·rub·ba·‘al,Jerubbaal,N‑proper‑ms,H3378,Judges,6,2447,26
יַחְדָּ֑ו,H3162,yaḥ·dāw;,together,Adv,H3162,Judges,6,2460,26
וַֽיַּחֲנ֖וּ,H2583,way·ya·ḥă·nū,and encamped,Conj‑w | V‑Qal‑ConsecImperf‑3mp,H2583,Judges,6,2462,26
יִזְרְעֶֽאל׃,H3157,yiz·rə·‘el.,of Jezreel,N‑proper‑fs,H3157,Judges,6,2464,26
לָבְשָׁ֖ה,H3847,lā·ḇə·šāh,came upon,V‑Qal‑Perf‑3fs,H3847,Judges,6,2466,26
אֲבִיעֶ֖זֶר,H44,’ă·ḇî·‘e·zer,the Abiezrites,N‑proper‑ms,H44,Judges,6,2472,26
מַצִּ֛יג,H3322,maṣ·ṣîḡ,shall put,V‑Hifil‑Prtcpl‑ms,H3322,Judges,6,2500,26
גִּזַּ֥ת,H1492,giz·zaṯ,a fleece,N‑fsc,H1492,Judges,6,2502,26
הַצֶּ֖מֶר,H6785,haṣ·ṣe·mer,of wool,Art | N‑ms,H6785,Judges,6,2503,26
בַּגֹּ֑רֶן,H1637,bag·gō·ren;,on the threshing floor,"Prep‑b, Art | N‑fs",H1637,Judges,6,2504,26
טַל֩,H2919,ṭal,dew,N‑ms,H2919,Judges,6,2506,26
חֹ֔רֶב,H2721,"ḥō·reḇ,",[it is] dry,N‑ms,H2721,Judges,6,2514,26
וַיַּשְׁכֵּם֙,H7925,way·yaš·kêm,and when he rose early,Conj‑w | V‑Hifil‑ConsecImperf‑3ms,H7925,Judges,6,2524,26
מִֽמָּחֳרָ֔ת,H4283,"mim·mā·ḥo·rāṯ,",the next morning,Prep‑m | N‑fs,H4283,Judges,6,2525,26
וַיָּ֖זַר,H2115,way·yā·zar,and squeezed,Conj‑w | V‑Qal‑ConsecImperf‑3ms,H2115,Judges,6,2526,26
וַיִּ֤מֶץ,H4680,way·yi·meṣ,and he wrung,Conj‑w | V‑Qal‑ConsecImperf‑3ms,H4680,Judges,6,2529,26
מְל֥וֹא,H4393,mə·lō·w,together,N‑msc,H4393,Judges,6,2533,26
יִ֤חַר,H2734,yi·ḥar,do be angry,V‑Qal‑Imperf.Jus‑3ms,H2734,Judges,6,2540,26
חֲרֹ֑ד,H5878,ḥă·rōḏ;,the well of Harod,N‑proper‑fs,H5878,Judges,7,2584,26
מִגִּבְעַ֥ת,H1389,mig·giḇ·‘aṯ,by the hill,Prep‑m | N‑fsc,H1389,Judges,7,2589,26
הַמּוֹרֶ֖ה,H4176,ham·mō·w·reh,of Moreh,Art | N‑ms,H4176,Judges,7,2590,26
רַ֗ב,H7227,"raḇ,",[are] too many,Adj‑ms,H7227,Judges,7,2595,26
פֶּן־,H6435,pen-,lest,Conj,H6435,Judges,7,2603,26
יִתְפָּאֵ֨ר,H6286,yiṯ·pā·’êr,claim glory for itself,V‑Hitpael‑Imperf‑3ms,H6286,Judges,7,2604,26
בְּאָזְנֵ֤י,H241,bə·’ā·zə·nê,in the hearing,Prep‑b | N‑fdc,H241,Judges,7,2612,26
יָרֵ֣א,H3373,yā·rê,fearful,Adj‑ms,H3373,Judges,7,2616,26
וְחָרֵ֔ד,H2730,"wə·ḥā·rêḏ,",and afraid,Conj‑w | Adj‑ms,H2730,Judges,7,2617,26
וְיִצְפֹּ֖ר,H6852,wə·yiṣ·pōr,and depart at once,Conj‑w | V‑Qal‑ConjImperf‑3ms,H6852,Judges,7,2619,26
הַגִּלְעָ֑ד,H1568,hag·gil·‘āḏ;,Gilead,Art | N‑proper‑fs,H1568,Judges,7,2621,26
וְאֶצְרְפֶ֥נּוּ,H6884,wə·’eṣ·rə·p̄en·nū,and I will test them,Conj‑w | V‑Qal‑ConjImperf.h‑1cs | 3mse,H6884,Judges,7,2641,26
יָלֹק֩,H3952,yā·lōq,laps,V‑Qal‑Imperf‑3ms,H3952,Judges,7,2674,26
בִּלְשׁוֹנ֨וֹ,H3956,bil·šō·w·nōw,with his tongue,Prep‑b | N‑csc | 3ms,H3956,Judges,7,2675,26
הַכֶּ֗לֶב,H3611,"hak·ke·leḇ,",a dog,Art | N‑ms,H3611,Judges,7,2680,26
בִּרְכָּ֖יו,H1290,bir·kāw,his knees,N‑fdc | 3ms,H1290,Judges,7,2688,26
לִשְׁתּֽוֹת׃,H8354,liš·tō·wṯ.,to drink,Prep‑l | V‑Qal‑Inf,H8354,Judges,7,2689,26
יֶ֣תֶר,H3499,ye·ṯer,the rest,N‑msc,H3499,Judges,7,2699,26
צֵדָה֩,H6720,ṣê·ḏāh,provisions,N‑fs,H6720,Judges,7,2725,26
וּפֻרָ֥ה,H6513,ū·p̄u·rāh,and Purah,Conj‑w | N‑proper‑ms,H6513,Judges,7,2762,26
נַעַרְךָ֖,H5288,na·‘ar·ḵā,your servant,N‑msc | 2ms,H5288,Judges,7,2763,26
הַחֲמֻשִׁ֖ים,H2571,ha·ḥă·mu·šîm,of the armed men,Art | V‑Qal‑QalPassPrtcpl‑mp,H2571,Judges,7,2779,26
כַּח֛וֹל,H2344,ka·ḥō·wl,as the sand,"Prep‑k, Art | N‑ms",H2344,Judges,7,2793,26
שְׂפַ֥ת,H8193,śə·p̄aṯ,side,N‑fsc,H8193,Judges,7,2795,26
חֲל֑וֹם,H2472,ḥă·lō·wm;,a dream,N‑ms,H2472,Judges,7,2803,26
חָלַ֗מְתִּי,H2492,"ḥā·lam·tî,",I have had,V‑Qal‑Perf‑1cs,H2492,Judges,7,2807,26
(צְלִ֜יל),H6742,ṣə·lîl,a loaf of,N‑msc,H6742,Judges,7,2809,26
לֶ֤חֶם,H3899,le·ḥem,bread,N‑msc,H3899,Judges,7,2810,26
שְׂעֹרִים֙,H8184,śə·‘ō·rîm,barley,N‑fp,H8184,Judges,7,2811,26
מִתְהַפֵּךְ֙,H2015,miṯ·hap·pêḵ,tumbled,V‑Hitpael‑Prtcpl‑ms,H2015,Judges,7,2812,26
שִׁבְר֖וֹ,H7667,šiḇ·rōw,its interpretation,N‑msc | 3ms,H7667,Judges,7,2850,26
וְכַדִּ֣ים,H3537,wə·ḵad·dîm,and with pitchers,Conj‑w | N‑fp,H3537,Judges,7,2875,26
רֵקִ֔ים,H7386,"rê·qîm,",empty,Adj‑mp,H7386,Judges,7,2876,26
וְלַפִּדִ֖ים,H3940,wə·lap·pi·ḏîm,and torches,Conj‑w | N‑mp,H3940,Judges,7,2877,26
בְּת֥וֹךְ,H8432,bə·ṯō·wḵ,inside,Prep‑b | N‑msc,H8432,Judges,7,2878,26
הָאַשְׁמֹ֣רֶת,H821,hā·’aš·mō·reṯ,of the watch,Art | N‑fs,H821,Judges,7,2918,26
הַתִּֽיכוֹנָ֔ה,H8484,"hat·tî·ḵō·w·nāh,",middle,Art | Adj‑fs,H8484,Judges,7,2919,26
וְנָפ֥וֹץ,H5310,wə·nā·p̄ō·wṣ,and broke,Conj‑w | V‑Qal‑InfAbs,H5310,Judges,7,2927,26
וַיִּשְׁבְּר֣וּ,H7665,way·yiš·bə·rū,and broke,Conj‑w | V‑Qal‑ConsecImperf‑3mp,H7665,Judges,7,2934,26
וַיָּ֧רָץ,H7323,way·yā·rāṣ,and ran,Conj‑w | V‑Qal‑ConsecImperf‑3ms,H7323,Judges,7,2952,26
וַיָּרִ֖יעוּ,H7321,way·yā·rî·‘ū,and cried out,Conj‑w | V‑Hifil‑ConsecImperf‑3mp,H7321,Judges,7,2955,26
הַשִּׁטָּה֙,H1029,haš·šiṭ·ṭāh,Beth Acacia,N‑proper‑fs,H1029,Judges,7,2971,26
צְֽרֵרָ֔תָה,H6888,"ṣə·rê·rā·ṯāh,",toward Zererah,N‑proper‑fs | 3fs,H6888,Judges,7,2972,26
מְחוֹלָ֖ה,H65,mə·ḥō·w·lāh,Abel Meholah,N‑proper‑fs,H65,Judges,7,2975,26
טַבָּֽת׃,H2888,ṭab·bāṯ.,Tabbath,N‑proper‑fs,H2888,Judges,7,2977,26
בָּרָ֖ה,H1012,bā·rāh,Beth Barah,N‑proper‑fs,H1012,Judges,7,3002,26
וַיִּצָּעֵ֞ק,H6817,way·yiṣ·ṣā·‘êq,And gathered together,Conj‑w | V‑Nifal‑ConsecImperf‑3ms,H6817,Judges,7,3005,26
עֹרֵ֣ב,H6159,‘ō·rêḇ,Oreb,N‑proper‑ms,H6159,Judges,7,3020,26
זְאֵ֗ב,H2062,"zə·’êḇ,",Zeeb,N‑proper‑ms,H2062,Judges,7,3022,26
וַיַּהַרְג֨וּ,H2026,way·ya·har·ḡū,and they killed,Conj‑w | V‑Qal‑ConsecImperf‑3mp,H2026,Judges,7,3023,26
בְיֶֽקֶב־,H3342,ḇə·ye·qeḇ-,at the winepress,Prep‑b | N‑proper‑fs,H3342,Judges,7,3031,26
ט֛וֹב,H2896,ṭō·wḇ,better,Adj‑ms,H2896,Judges,8,3065,26
עֹלְל֥וֹת,H5955,‘ō·lə·lō·wṯ,the gleaning [of the grapes],N‑fpc,H5955,Judges,8,3066,26
מִבְצִ֥יר,H1210,miḇ·ṣîr,than the vintage,Prep‑m | N‑msc,H1210,Judges,8,3068,26
רָפְתָ֤ה,H7503,rā·p̄ə·ṯāh,subsided,V‑Qal‑Perf‑3fs,H7503,Judges,8,3083,26
עֲיֵפִ֖ים,H5889,‘ă·yê·p̄îm,exhausted,Adj‑mp,H5889,Judges,8,3098,26
לְאַנְשֵׁ֣י,H582,lə·’an·šê,to the men,Prep‑l | N‑mpc,H582,Judges,8,3100,26
סֻכּ֔וֹת,H5523,"suk·kō·wṯ,",of Succoth,N‑proper‑fs,H5523,Judges,8,3101,26
כִּכְּר֣וֹת,H3603,kik·kə·rō·wṯ,loaves,N‑fpc,H3603,Judges,8,3104,26
זֶ֥בַח,H2078,ze·ḇaḥ,Zebah,N‑proper‑ms,H2078,Judges,8,3115,26
וְצַלְמֻנָּ֖ע,H6759,wə·ṣal·mun·nā‘,and Zalmunna,Conj‑w | N‑proper‑ms,H6759,Judges,8,3116,26
וְדַשְׁתִּי֙,H1758,wə·ḏaš·tî,then I will tear,Conj‑w | V‑Qal‑ConjPerf‑1cs,H1758,Judges,8,3139,26
קוֹצֵ֥י,H6975,qō·w·ṣê,the thorns,N‑mpc,H6975,Judges,8,3143,26
הַֽבַּרְקֳנִֽים׃,H1303,hab·bar·qo·nîm.,briers,Art | N‑mp,H1303,Judges,8,3146,26
פְּנוּאֵ֔ל,H6439,"pə·nū·’êl,",to Penuel,N‑proper‑fs,H6439,Judges,8,3148,26
הַמִּגְדָּ֥ל,H4026,ham·miḡ·dāl,tower,Art | N‑ms,H4026,Judges,8,3168,26
בַּקַּרְקֹ֗ר,H7174,"baq·qar·qōr,",at Karkor,"Prep‑b, Art | N‑proper‑fs",H7174,Judges,8,3171,26
כַּחֲמֵ֤שֶׁת,H2568,ka·ḥă·mê·šeṯ,about five,"Prep‑k, Art | Number‑msc",H2568,Judges,8,3174,26
הַנּ֣וֹתָרִ֔ים,H3498,"han·nō·w·ṯā·rîm,",who were left,Art | V‑Nifal‑Prtcpl‑mp,H3498,Judges,8,3178,26
לְנֹ֖בַח,H5025,lə·nō·ḇaḥ,of Nobah,Prep‑l | N‑proper‑fs,H5025,Judges,8,3195,26
וְיָגְבֳּהָ֑ה,H3011,wə·yā·ḡə·bo·hāh;,and Jogbehah,Conj‑w | N‑proper‑fs,H3011,Judges,8,3196,26
בֶֽטַח׃,H983,ḇe·ṭaḥ.,secure,N‑ms,H983,Judges,8,3202,26
הֶחֱרִֽיד׃,H2729,he·ḥĕ·rîḏ.,routed,V‑Hifil‑Perf‑3ms,H2729,Judges,8,3218,26
מִֽלְמַעֲלֵ֖ה,H4608,mil·ma·‘ă·lêh,from the Ascent of,"Prep‑m, Prep‑l | N‑msc",H4608,Judges,8,3224,26
הֶחָֽרֶס׃,H2775,he·ḥā·res.,Heres,Art | N‑proper‑fs,H2775,Judges,8,3225,26
וַיִּכְתֹּ֨ב,H3789,way·yiḵ·tōḇ,and he wrote down,Conj‑w | V‑Qal‑ConsecImperf‑3ms,H3789,Judges,8,3230,26
הַיְּעֵפִ֖ים,H3286,hay·yə·‘ê·p̄îm,weary,Art | Adj‑mp,H3286,Judges,8,3259,26
אֵיפֹה֙,H375,’ê·p̄ōh,what kind,Interrog,H375,Judges,8,3284,26
כָּמ֣וֹךָ,H3644,kā·mō·w·ḵā,as you [are],Prep | 2ms,H3644,Judges,8,3290,26
כְּתֹ֖אַר,H8389,kə·ṯō·’ar,resembled,Prep‑k | N‑msc,H8389,Judges,8,3293,26
חַי־,H2416,ḥay-,[As] lives,N‑ms,H2416,Judges,8,3300,26
ל֚וּ,H3863,lū,if,Prep,H3863,Judges,8,3302,26
הַחֲיִתֶ֣ם,H2421,ha·ḥă·yi·ṯem,you had let live,V‑Hifil‑Perf‑2mp,H2421,Judges,8,3303,26
לְיֶ֣תֶר,H3500,lə·ye·ṯer,to Jether,Prep‑l | N‑proper‑ms,H3500,Judges,8,3308,26
בְּכוֹר֔וֹ,H1060,"bə·ḵō·w·rōw,",his firstborn,N‑msc | 3ms,H1060,Judges,8,3309,26
וּפְגַע־,H6293,ū·p̄ə·ḡa‘-,and kill,Conj‑w | V‑Qal‑Imp‑ms,H6293,Judges,8,3326,26
הַשַּׂ֣הֲרֹנִ֔ים,H7720,"haś·śa·hă·rō·nîm,",the crescent ornaments,Art | N‑mp,H7720,Judges,8,3339,26
מְשָׁל־,H4910,mə·šāl-,Rule,V‑Qal‑Imp‑ms,H4910,Judges,8,3347,26
שְׁאֵלָ֔ה,H7596,"šə·’ê·lāh,",a request,N‑fs,H7596,Judges,8,3373,26
נֶ֣זֶם,H5141,ne·zem,the earrings from,N‑msc,H5141,Judges,8,3376,26
זָהָב֙,H2091,zā·hāḇ,gold,N‑ms,H2091,Judges,8,3380,26
יִשְׁמְעֵאלִ֖ים,H3459,yiš·mə·‘ê·lîm,Ishmaelites,N‑proper‑mp,H3459,Judges,8,3382,26
וַֽיִּפְרְשׂוּ֙,H6566,way·yip̄·rə·śū,and they spread out,Conj‑w | V‑Qal‑ConsecImperf‑3mp,H6566,Judges,8,3386,26
הַשִּׂמְלָ֔ה,H8071,"haś·śim·lāh,",a garment,Art | N‑fs,H8071,Judges,8,3388,26
וַיַּשְׁלִ֣יכוּ,H7993,way·yaš·lî·ḵū,and threw,Conj‑w | V‑Hifil‑ConsecImperf‑3mp,H7993,Judges,8,3389,26
מִשְׁקַ֞ל,H4948,miš·qal,the weight,N‑msc,H4948,Judges,8,3394,26
וְהַנְּטִפ֜וֹת,H5188,wə·han·nə·ṭi·p̄ō·wṯ,and pendants,"Conj‑w, Art | N‑fp",H5188,Judges,8,3406,26
וּבִגְדֵ֣י,H899,ū·ḇiḡ·ḏê,and robes,Conj‑w | N‑mpc,H899,Judges,8,3407,26
הָאַרְגָּמָ֗ן,H713,"hā·’ar·gā·mān,",purple,Art | N‑ms,H713,Judges,8,3408,26
הָ֣עֲנָק֔וֹת,H6060,"hā·‘ă·nā·qō·wṯ,",the chains,Art | N‑mp,H6060,Judges,8,3414,26
לְאֵפ֗וֹד,H646,"lə·’ê·p̄ō·wḏ,",into an ephod,Prep‑l | N‑ms,H646,Judges,8,3420,26
בִּשְׁכֶ֔ם,H7927,"biš·ḵem,",in Shechem,Prep‑b | N‑proper‑fs,H7927,Judges,8,3463,26
יָֽלְדָה־,H3205,yā·lə·ḏāh-,bore,V‑Qal‑Perf‑3fs,H3205,Judges,8,3464,26
אֲבִימֶֽלֶךְ׃,H40,’ă·ḇî·me·leḵ.,Abimelech,N‑proper‑ms,H40,Judges,8,3471,26
בְּשֵׂיבָ֣ה,H7872,bə·śê·ḇāh,at a old age,Prep‑b | N‑fs,H7872,Judges,8,3475,26
וַיִּקָּבֵ֗ר,H6912,"way·yiq·qā·ḇêr,",and was buried,Conj‑w | V‑Nifal‑ConsecImperf‑3ms,H6912,Judges,8,3477,26
בְּקֶ֙בֶר֙,H6913,bə·qe·ḇer,in the tomb,Prep‑b | N‑msc,H6913,Judges,8,3478,26
בְּרִ֖ית,H1170,bə·rîṯ,Baal-berith,N‑proper‑ms,H1170,Judges,8,3493,26
זָֽכְרוּ֙,H2142,zā·ḵə·rū,did remember,V‑Qal‑Perf‑3cp,H2142,Judges,8,3495,26
הַמַּצִּ֥יל,H5337,ham·maṣ·ṣîl,who had delivered,Art | V‑Hifil‑Prtcpl‑ms,H5337,Judges,8,3501,26
בַּעֲלֵ֣י,H1167,ba·‘ă·lê,the men,N‑mpc,H1167,Judges,9,3538,26
עַצְמֵכֶם‪‬‪‬‪‬,H6106,‘aṣ·mê·ḵem,your own bone,N‑fsc | 2mp,H6106,Judges,9,3554,26
וַיִּשְׂכֹּ֨ר,H7936,way·yiś·kōr,and hired,Conj‑w | V‑Qal‑ConsecImperf‑3ms,H7936,Judges,9,3580,26
וּפֹ֣חֲזִ֔ים,H6348,"ū·p̄ō·ḥă·zîm,",and reckless,Conj‑w | V‑Qal‑Prtcpl‑mp,H6348,Judges,9,3584,26
אֶ֣בֶן,H68,’e·ḇen,stone,N‑fs,H68,Judges,9,3598,26
יוֹתָ֧ם,H3147,yō·w·ṯām,Jotham,N‑proper‑ms,H3147,Judges,9,3601,26
נֶחְבָּֽא׃,H2244,neḥ·bā.,he hid himself,V‑Nifal‑Perf‑3ms,H2244,Judges,9,3606,26
מִלּ֔וֹא,H4407,"mil·lō·w,",Beth Millo,N‑proper‑fs,H4407,Judges,9,3612,26
מֻצָּ֖ב,H5324,muṣ·ṣāḇ,the pillar,V‑Hofal‑Prtcpl‑ms,H5324,Judges,9,3620,26
גְּרִזִ֔ים,H1630,"gə·ri·zîm,",Gerizim,N‑proper‑fs,H1630,Judges,9,3628,26
לִמְשֹׁ֥חַ,H4886,lim·šō·aḥ,to anoint,Prep‑l | V‑Qal‑Inf,H4886,Judges,9,3642,26
לַזַּ֖יִת,H2132,laz·za·yiṯ,to the olive tree,"Prep‑l, Art | N‑ms",H2132,Judges,9,3646,26
דִּשְׁנִ֔י,H1880,"diš·nî,",my oil,N‑msc | 1cs,H1880,Judges,9,3652,26
לָנ֖וּעַ,H5128,lā·nū·a‘,to sway,Prep‑l | V‑Qal‑Inf,H5128,Judges,9,3658,26
לַתְּאֵנָ֑ה,H8384,lat·tə·’ê·nāh;,to the fig tree,"Prep‑l, Art | N‑fs",H8384,Judges,9,3662,26
מָתְקִ֔י,H4987,"mā·ṯə·qî,",my sweetness,N‑msc | 1cs,H4987,Judges,9,3670,26
תְּנוּבָתִ֖י,H8570,tə·nū·ḇā·ṯî,my fruit,N‑fsc | 1cs,H8570,Judges,9,3672,26
לַגָּ֑פֶן,H1612,lag·gā·p̄en;,to the vine,"Prep‑l, Art | N‑cs",H1612,Judges,9,3679,26
תִּ֣ירוֹשִׁ֔י,H8492,"tî·rō·wō·šî,",my new wine,N‑msc | 1cs,H8492,Judges,9,3687,26
הַֽמְשַׂמֵּ֥חַ,H8055,ham·śam·mê·aḥ,which cheers,Art | V‑Piel‑Prtcpl‑ms,H8055,Judges,9,3688,26
הָאָטָ֑ד,H329,hā·’ā·ṭāḏ;,the bramble,Art | N‑ms,H329,Judges,9,3698,26
בֶּאֱמֶ֣ת,H571,be·’ĕ·meṯ,in truth,Prep‑b | N‑fs,H571,Judges,9,3707,26
חֲס֣וּ,H2620,ḥă·sū,[and] take shelter,V‑Qal‑Imp‑mp,H2620,Judges,9,3714,26
בְצִלִּ֑י,H6738,ḇə·ṣil·lî;,in my shade,Prep‑b | N‑msc | 1cs,H6738,Judges,9,3715,26
אַרְזֵ֥י,H730,’ar·zê,cedars,N‑mpc,H730,Judges,9,3724,26
וּבְתָמִים֙,H8549,ū·ḇə·ṯā·mîm,and sincerity,"Conj‑w, Prep‑b | Adj‑ms",H8549,Judges,9,3728,26
טוֹבָ֤ה,H2895,ṭō·w·ḇāh,well,N‑fs,H2895,Judges,9,3734,26
כִּגְמ֥וּל,H1576,kiḡ·mūl,as deserves,Prep‑k | N‑msc,H1576,Judges,9,3741,26
מִנֶּ֔גֶד,H5048,"min·ne·ḡeḏ,",far,Prep‑m,H5048,Judges,9,3750,26
אֲמָתוֹ֙,H519,’ă·mā·ṯōw,of his maidservant,N‑fsc | 3ms,H519,Judges,9,3772,26
וַיִּבְרַ֖ח,H1272,way·yiḇ·raḥ,and fled,Conj‑w | V‑Qal‑ConsecImperf‑3ms,H1272,Judges,9,3814,26
בְּאֵ֑רָה,H876,bə·’ê·rāh;,to Beer,N‑proper‑fs | 3fs,H876,Judges,9,3816,26
וַיִּבְגְּד֥וּ,H898,way·yiḇ·gə·ḏū,and dealt treacherously,Conj‑w | V‑Qal‑ConsecImperf‑3mp,H898,Judges,9,3835,26
חֲמַ֖ס,H2555,ḥă·mas,the crime [done] to,N‑msc,H2555,Judges,9,3839,26
וְדָמָ֗ם,H1818,"wə·ḏā·mām,",and their blood,Conj‑w | N‑msc | 3mp,H1818,Judges,9,3843,26
מְאָרְבִ֗ים,H693,"mə·’ā·rə·ḇîm,",men in ambush,V‑Piel‑Prtcpl‑mp,H693,Judges,9,3863,26
וַיִּגְזְל֗וּ,H1497,"way·yiḡ·zə·lū,",and they robbed,Conj‑w | V‑Qal‑ConsecImperf‑3mp,H1497,Judges,9,3867,26
וַיֻּגַּ֖ד,H5046,way·yug·gaḏ,and it was told,Conj‑w | V‑Hofal‑ConsecImperf‑3ms,H5046,Judges,9,3874,26
גַּ֤עַל,H1603,ga·‘al,Gaal,N‑proper‑ms,H1603,Judges,9,3876,26
עֶ֙בֶד֙,H5651,‘e·ḇeḏ,of Ebed,N‑proper‑ms,H5651,Judges,9,3878,26
וַיִּבְטְחוּ־,H982,way·yiḇ·ṭə·ḥū-,and put their confidence,Conj‑w | V‑Qal‑ConsecImperf‑3mp,H982,Judges,9,3882,26
וַֽיִּבְצְר֤וּ,H1219,way·yiḇ·ṣə·rū,and gathered [grapes],Conj‑w | V‑Qal‑ConsecImperf‑3mp,H1219,Judges,9,3886,26
כַּרְמֵיהֶם֙,H3754,kar·mê·hem,from their vineyards,N‑mpc | 3mp,H3754,Judges,9,3888,26
הִלּוּלִ֑ים,H1974,hil·lū·lîm;,merry,N‑mp,H1974,Judges,9,3891,26
וַֽיְקַלְל֖וּ,H7043,way·qal·lū,and cursed,Conj‑w | V‑Piel‑ConsecImperf‑3mp,H7043,Judges,9,3897,26
וּזְבֻ֣ל,H2083,ū·zə·ḇul,and [is not] Zebul,Conj‑w | N‑proper‑ms,H2083,Judges,9,3912,26
פְּקִיד֑וֹ,H6496,pə·qî·ḏōw;,his officer,N‑msc | 3ms,H6496,Judges,9,3913,26
חֲמוֹר֙,H2544,ḥă·mō·wr,of Hamor,N‑proper‑ms,H2544,Judges,9,3917,26
אֲנָֽחְנוּ׃,H587,’ă·nā·ḥə·nū.,we,Pro‑1cp,H587,Judges,9,3922,26
רַבֶּ֥ה,H7235,rab·beh,Increase,V‑Piel‑Imp‑ms,H7235,Judges,9,3933,26
בְּתָרְמָ֣ה,H8649,bə·ṯā·rə·māh,secretly,Prep‑b | N‑proper‑fs,H8649,Judges,9,3949,26
צָרִ֥ים,H6696,ṣā·rîm,they are fortifying,V‑Qal‑Prtcpl‑mp,H6696,Judges,9,3959,26
כִּזְרֹ֣חַ,H2224,kiz·rō·aḥ,as soon as is up,Prep‑k | V‑Qal‑Inf,H2224,Judges,9,3972,26
וּפָשַׁטְתָּ֣,H6584,ū·p̄ā·šaṭ·tā,and rush,Conj‑w | V‑Qal‑ConjPerf‑2ms,H6584,Judges,9,3975,26
אַרְבָּעָ֖ה,H702,’ar·bā·‘āh,four,Number‑ms,H702,Judges,9,3998,26
הַמַּאְרָֽב׃,H3993,ham·ma’·rāḇ.,lying in wait,Art | N‑ms,H3993,Judges,9,4013,26
טַבּ֣וּר,H2872,ṭab·būr,the center,N‑msc,H2872,Judges,9,4042,26
מְעוֹנְנִֽים׃,H6049,mə·‘ō·wn·nîm.,Diviners',V‑Piel‑Prtcpl‑mp,H6049,Judges,9,4049,26
אֵפ֥וֹא,H645,’ê·p̄ō·w,indeed [is],Conj,H645,Judges,9,4053,26
מָאַ֣סְתָּה,H3988,mā·’as·tāh,you despised,V‑Qal‑Perf‑2ms,H3988,Judges,9,4065,26
חֲלָלִ֥ים,H2491,ḥă·lā·lîm,wounded,N‑mp,H2491,Judges,9,4080,26
בָּארוּמָ֑ה,H725,bā·rū·māh;,at Arumah,"Prep‑b, Art | N‑proper‑fs",H725,Judges,9,4086,26
וַֽיֶּחֱצֵם֙,H2673,way·ye·ḥĕ·ṣêm,and divided them,Conj‑w | V‑Qal‑ConsecImperf‑3ms | 3mp,H2673,Judges,9,4103,26
מֶֽלַח׃,H4417,me·laḥ.,with salt,N‑ms,H4417,Judges,9,4149,26
צְרִ֔יחַ,H6877,"ṣə·rî·aḥ,",the stronghold,N‑msc,H6877,Judges,9,4156,26
אֵ֥ל,H410,’êl,of the god,N‑proper‑ms,H410,Judges,9,4158,26
בְּרִֽית׃,H1286,bə·rîṯ.,Berith,N‑proper,H1286,Judges,9,4159,26
הִֽתְקַבְּצ֔וּ,H6908,"hiṯ·qab·bə·ṣū,",were gathered together,V‑Hitpael‑Perf‑3cp,H6908,Judges,9,4162,26
צַלְמ֗וֹן,H6756,"ṣal·mō·wn,",Zalmon,N‑proper‑fs,H6756,Judges,9,4169,26
הַקַּרְדֻּמּ֜וֹת,H7134,haq·qar·dum·mō·wṯ,an ax,Art | N‑fp,H7134,Judges,9,4178,26
שׂוֹכַ֣ת,H7754,śō·w·ḵaṯ,a bough from,N‑fsc,H7754,Judges,9,4181,26
שִׁכְמ֑וֹ,H7926,šiḵ·mōw;,his shoulder,N‑msc | 3ms,H7926,Judges,9,4186,26
מַהֲר֖וּ,H4116,ma·hă·rū,make haste,V‑Piel‑Imp‑mp,H4116,Judges,9,4195,26
וַיַּצִּ֧יתוּ,H3341,way·yaṣ·ṣî·ṯū,and set,Conj‑w | V‑Hifil‑ConsecImperf‑3mp,H3341,Judges,9,4209,26
תֵּבֵ֑ץ,H8405,tê·ḇêṣ;,Thebez,N‑proper‑fs,H8405,Judges,9,4225,26
גַּ֥ג,H1406,gaḡ,the top,N‑msc,H1406,Judges,9,4245,26
לְשָׂרְפ֥וֹ,H8313,lə·śā·rə·p̄ōw,to burn it,Prep‑l | V‑Qal‑Inf | 3ms,H8313,Judges,9,4255,26
פֶּ֥לַח,H6400,pe·laḥ,an upper,N‑msc,H6400,Judges,9,4259,26
וַתָּ֖רִץ,H7533,wat·tā·riṣ,and crushed,Conj‑w | V‑Hifil‑ConsecImperf‑3fs,H7533,Judges,9,4264,26
גֻּלְגָּלְתּֽוֹ׃,H1538,gul·gā·lə·tōw.,his skull,N‑fsc | 3ms,H1538,Judges,9,4266,26
מְהֵרָ֜ה,H4120,mə·hê·rāh,quickly,Adv,H4120,Judges,9,4267,26
כֵלָ֗יו,H3627,"ḵê·lāw,",his armorbearer,N‑mpc | 3ms,H3627,Judges,9,4271,26
וַיִּדְקְרֵ֥הוּ,H1856,way·yiḏ·qə·rê·hū,so thrust him through,Conj‑w | V‑Qal‑ConsecImperf‑3ms | 3ms,H1856,Judges,9,4280,26
קִֽלֲלַ֖ת,H7045,qi·lă·laṯ,the curse,N‑fsc,H7045,Judges,9,4311,26
תּוֹלָ֧ע,H8439,tō·w·lā‘,Tola,N‑proper‑ms,H8439,Judges,10,4320,26
פּוּאָ֛ה,H6312,pū·’āh,of Puah,N‑proper‑ms,H6312,Judges,10,4322,26
דּוֹד֖וֹ,H1734,dō·w·ḏōw,of Dodo,N‑proper‑ms,H1734,Judges,10,4324,26
בְּשָׁמִ֖יר,H8069,bə·šā·mîr,in Shamir,Prep‑b | N‑proper‑fs,H8069,Judges,10,4329,26
יָאִ֖יר,H2971,yā·’îr,Jair,N‑proper‑ms,H2971,Judges,10,4341,26
הַגִּלְעָדִ֑י,H1569,hag·gil·‘ā·ḏî;,a Gileadite,Art | N‑proper‑ms,H1569,Judges,10,4342,26
שְׁלֹשִׁ֣ים,H7970,šə·lō·šîm,thirty,Number‑cp,H7970,Judges,10,4349,26
רֹֽכְבִים֙,H7392,rō·ḵə·ḇîm,who rode,V‑Qal‑Prtcpl‑mp,H7392,Judges,10,4351,26
עֲיָרִ֔ים,H5895,"‘ă·yā·rîm,",donkeys,N‑mp,H5895,Judges,10,4354,26
יָאִ֗יר,H2334,"yā·’îr,",Jair,N‑proper‑ms,H2334,Judges,10,4360,26
בְּקָמֽוֹן׃,H7056,bə·qā·mō·wn.,in Camon,Prep‑b | N‑proper‑fs,H7056,Judges,10,4369,26
חָטָ֣אנוּ,H2398,ḥā·ṭā·nū,we have sinned,V‑Qal‑Perf‑1cp,H2398,Judges,10,4449,26
וּמָע֔וֹן,H4584,"ū·mā·‘ō·wn,",and Maonites,Conj‑w | N‑proper‑fs,H4584,Judges,10,4471,26
בְּחַרְתֶּ֖ם,H977,bə·ḥar·tem,you have chosen,V‑Qal‑Perf‑2mp,H977,Judges,10,4493,26
צָרַתְכֶֽם׃,H6869,ṣā·raṯ·ḵem.,of your distress,N‑fsc | 2mp,H6869,Judges,10,4497,26
הַנֵּכָר֙,H5236,han·nê·ḵār,the foreign,Art | N‑ms,H5236,Judges,10,4515,26
וַתִּקְצַ֥ר,H7114,wat·tiq·ṣar,and could no longer endure,Conj‑w | V‑Qal‑ConsecImperf‑3fs,H7114,Judges,10,4520,26
בַּעֲמַ֥ל,H5999,ba·‘ă·mal,the misery,Prep‑b | N‑msc,H5999,Judges,10,4522,26
בַּמִּצְפָּֽה׃,H4709,bam·miṣ·pāh.,in Mizpah,"Prep‑b, Art | N‑proper‑fs",H4709,Judges,10,4532,26
יָחֵ֔ל,H2490,"yā·ḥêl,",will begin,V‑Hifil‑Imperf‑3ms,H2490,Judges,10,4542,26
יִפְתָּֽח׃,H3316,yip̄·tāḥ.,Jephthah,N‑proper‑ms,H3316,Judges,11,4562,26
וַיִּגְדְּל֨וּ,H1431,way·yiḡ·də·lū,and when grew up,Conj‑w | V‑Qal‑ConsecImperf‑3mp,H1431,Judges,11,4566,26
תִנְחַ֣ל,H5157,ṯin·ḥal,You shall have inheritance,V‑Qal‑Imperf‑2ms,H5157,Judges,11,4574,26
ט֑וֹב,H2897,ṭō·wḇ;,of Tob,N‑proper‑fs,H2897,Judges,11,4587,26
לְקָצִ֑ין,H7101,lə·qā·ṣîn;,commander,Prep‑l | N‑ms,H7101,Judges,11,4618,26
שְׂנֵאתֶ֣ם,H8130,śə·nê·ṯem,hate,V‑Qal‑Perf‑2mp,H8130,Judges,11,4627,26
צַ֥ר,H6862,ṣar,are in distress,V‑Qal‑Perf‑3ms,H6862,Judges,11,4637,26
מֵאַרְנ֥וֹן,H769,mê·’ar·nō·wn,from the Arnon,Prep‑m | N‑proper‑fs,H769,Judges,11,4731,26
הַיַּבֹּ֖ק,H2999,hay·yab·bōq,the Jabbok,Art | N‑proper‑fs,H2999,Judges,11,4733,26
ס֔וּף,H5488,"sūp̄,",Red,N‑ms,H5488,Judges,11,4768,26
קָדֵֽשָׁה׃,H6946,qā·ḏê·šāh.,to Kadesh,N‑proper‑fs | 3fs,H6946,Judges,11,4770,26
אָבָ֑ה,H14,’ā·ḇāh;,he would [consent],V‑Qal‑Perf‑3ms,H14,Judges,11,4790,26
וַיָּ֜סָב,H5437,way·yā·sāḇ,and bypassed,Conj‑w | V‑Qal‑ConsecImperf‑3ms,H5437,Judges,11,4795,26
מִמִּזְרַח־,H4217,mim·miz·raḥ-,to,Prep‑m | N‑msc,H4217,Judges,11,4803,26
סִיח֥וֹן,H5511,sî·ḥō·wn,Sihon,N‑proper‑ms,H5511,Judges,11,4821,26
חֶשְׁבּ֑וֹן,H2809,ḥeš·bō·wn;,of Heshbon,N‑proper‑fs,H2809,Judges,11,4825,26
הֶאֱמִ֨ין,H539,he·’ĕ·mîn,did trust,V‑Hifil‑Perf‑3ms,H539,Judges,11,4833,26
בְּיָ֑הְצָה,H3096,bə·yā·hə·ṣāh;,in Jahaz,Prep‑b | N‑proper‑fs | 3fs,H3096,Judges,11,4845,26
כְּמ֥וֹשׁ,H3645,kə·mō·wōš,Chemosh,N‑proper‑ms,H3645,Judges,11,4894,26
מִבָּלָ֥ק,H1111,mib·bā·lāq,than Balak,Prep‑m | N‑proper‑ms,H1111,Judges,11,4910,26
צִפּ֖וֹר,H6834,ṣip·pō·wr,of Zippor,N‑proper‑ms,H6834,Judges,11,4912,26
וּבְעַרְע֣וֹר,H6177,ū·ḇə·‘ar·‘ō·wr,and in Aroer,"Conj‑w, Prep‑b | N‑proper‑fs",H6177,Judges,11,4925,26
מִצְפֵּ֣ה,H4708,miṣ·pêh,Mizpah,N‑proper‑fs,H4708,Judges,11,4979,26
נֶ֛דֶר,H5088,ne·ḏer,a vow,N‑ms,H5088,Judges,11,4987,26
מִנִּ֜ית,H4511,min·nîṯ,Minnith,N‑proper‑fs,H4511,Judges,11,5022,26
אָבֵ֣ל,H58,’ā·ḇêl,Abel Keramim,N‑proper‑fs,H58,Judges,11,5026,26
מַכָּ֖ה,H4347,mak·kāh,with a slaughter,N‑fs,H4347,Judges,11,5028,26
וַיִּכָּֽנְעוּ֙,H3665,way·yik·kā·nə·‘ū,thus were subdued,Conj‑w | V‑Nifal‑ConsecImperf‑3mp,H3665,Judges,11,5031,26
בְתֻפִּ֖ים,H8596,ḇə·ṯup·pîm,with timbrels,Prep‑b | N‑mp,H8596,Judges,11,5045,26
וּבִמְחֹל֑וֹת,H4246,ū·ḇim·ḥō·lō·wṯ;,and dancing,"Conj‑w, Prep‑b | N‑fp",H4246,Judges,11,5046,26
יְחִידָ֔ה,H3173,"yə·ḥî·ḏāh,",[his] child,Adj‑fs,H3173,Judges,11,5049,26
אוֹ־,H176,’ōw-,or,Conj,H176,Judges,11,5053,26
וַיִּקְרַ֣ע,H7167,way·yiq·ra‘,that he tore,Conj‑w | V‑Qal‑ConsecImperf‑3ms,H7167,Judges,11,5057,26
בְּעֹֽכְרָ֑י,H5916,bə·‘ō·ḵə·rāy;,among those who trouble me,Prep‑b | V‑Qal‑Prtcpl‑mpc | 1cs,H5916,Judges,11,5067,26
פָּצִ֤יתִי־,H6475,pā·ṣî·ṯî-,have given,V‑Qal‑Perf‑1cs,H6475,Judges,11,5069,26
נְקָמ֛וֹת,H5360,nə·qā·mō·wṯ,avenged,N‑fp,H5360,Judges,11,5091,26
חֳדָשִׁ֗ים,H2320,"ḥo·ḏā·šîm,",for months,N‑mp,H2320,Judges,11,5103,26
בְּתוּלַ֔י,H1331,"bə·ṯū·lay,",my virginity,N‑mpc | 1cs,H1331,Judges,11,5110,26
(וְרֵעוֹתָֽי׃),H7474,wə·rê·‘ō·w·ṯāy.,and my friends,Conj‑w | N‑fpc | 1cs,H7474,Judges,11,5112,26
וְרֵ֣עוֹתֶ֔יהָ,H7464,"wə·rê·‘ō·w·ṯe·hā,",and with her friends,Conj‑w | N‑fpc | 3fs,H7464,Judges,11,5120,26
מִקֵּ֣ץ ׀,H7093,miq·qêṣ,at the end,Prep‑m | N‑msc,H7093,Judges,11,5126,26
נָדָ֑ר,H5087,nā·ḏār;,he had vowed,V‑Qal‑Perf‑3ms,H5087,Judges,11,5136,26
חֹ֖ק,H2706,ḥōq,a custom,N‑ms,H2706,Judges,11,5142,26
רִ֗יב,H7379,"rîḇ,",in a great struggle,N‑ms,H7379,Judges,12,5177,26
פְּלִיטֵ֤י,H6412,pə·lî·ṭê,fugitives,N‑mpc,H6412,Judges,12,5224,26
הַֽאֶפְרָתִ֥י,H673,ha·’ep̄·rā·ṯî,[Are] an Ephraimite,Art | N‑proper‑ms,H673,Judges,12,5246,26
שִׁבֹּ֜לֶת,H7641,šib·bō·leṯ,Shibboleth,N‑fs,H7641,Judges,12,5252,26
סִבֹּ֗לֶת,H5451,"sib·bō·leṯ,",Sibboleth,N‑fs,H5451,Judges,12,5254,26
יָכִין֙,H3559,yā·ḵîn,he could,V‑Hifil‑Imperf‑3ms,H3559,Judges,12,5256,26
וַיִּשְׁחָט֖וּהוּ,H7819,way·yiš·ḥā·ṭū·hū,and kill him,Conj‑w | V‑Qal‑ConsecImperf‑3mp | 3ms,H7819,Judges,12,5261,26
אִבְצָ֖ן,H78,’iḇ·ṣān,Ibzan,N‑proper‑ms,H78,Judges,12,5286,26
לָֽחֶם׃,H1035,lā·ḥem.,Bethlehem,Prep | N‑proper‑fs,H1035,Judges,12,5287,26
הַח֔וּצָה,H2351,"ha·ḥū·ṣāh,",away,Art | N‑ms | 3fs,H2351,Judges,12,5293,26
אֵיל֖וֹן,H356,’ê·lō·wn,Elon,N‑proper‑ms,H356,Judges,12,5311,26
הַזְּבֽוּלֹנִ֑י,H2075,haz·zə·ḇū·lō·nî;,the Zebulunite,Art | N‑proper‑ms,H2075,Judges,12,5312,26
עַבְדּ֥וֹן,H5658,‘aḇ·dō·wn,Abdon,N‑proper‑ms,H5658,Judges,12,5327,26
הִלֵּ֖ל,H1985,hil·lêl,of Hillel,N‑proper‑ms,H1985,Judges,12,5329,26
הַפִּרְעָתוֹנִֽי׃,H6553,hap·pir·‘ā·ṯō·w·nî.,the Pirathonite,Art | N‑proper‑ms,H6553,Judges,12,5330,26
בְּפִרְעָתוֹן֙,H6552,bə·p̄ir·‘ā·ṯō·wn,in Pirathon,Prep‑b | N‑proper‑fs,H6552,Judges,12,5350,26
הָעֲמָלֵקִֽי׃,H6003,hā·‘ă·mā·lê·qî.,of the Amalekite,Art | N‑proper‑ms,H6003,Judges,12,5354,26
מִצָּרְעָ֛ה,H6881,miṣ·ṣā·rə·‘āh,from Zorah,Prep‑m | N‑proper‑fs,H6881,Judges,13,5369,26
הַדָּנִ֖י,H1839,had·dā·nî,of the Danites,Art | N‑proper‑ms,H1839,Judges,13,5371,26
מָנ֑וֹחַ,H4495,mā·nō·w·aḥ;,Manoah,N‑proper‑ms,H4495,Judges,13,5373,26
עֲקָרָ֖ה,H6135,‘ă·qā·rāh,barren,Adj‑fs,H6135,Judges,13,5375,26
וְהָרִ֖ית,H2029,wə·hā·rîṯ,but you shall conceive,Conj‑w | V‑Qal‑ConjPerf‑2fs,H2029,Judges,13,5390,26
יַ֣יִן,H3196,ya·yin,wine,N‑ms,H3196,Judges,13,5397,26
וְשֵׁכָ֑ר,H7941,wə·šê·ḵār;,or strong drink,Conj‑w | N‑ms,H7941,Judges,13,5398,26
טָמֵֽא׃,H2931,ṭā·mê.,unclean,Adj‑ms,H2931,Judges,13,5402,26
וּמוֹרָה֙,H4177,ū·mō·w·rāh,and razor,Conj‑w | N‑ms,H4177,Judges,13,5407,26
נְזִ֧יר,H5139,nə·zîr,a Nazirite,N‑msc,H5139,Judges,13,5413,26
וּמַרְאֵ֕הוּ,H4758,ū·mar·’ê·hū,and His countenance [was],Conj‑w | N‑msc | 3ms,H4758,Judges,13,5434,26
אֵֽי־,H335,’ê-,where,Interrog,H335,Judges,13,5442,26
טֻמְאָ֔ה,H2932,"ṭum·’āh,",unclean,N‑fs,H2932,Judges,13,5461,26
וְיוֹרֵ֕נוּ,H3384,wə·yō·w·rê·nū,and teach us,Conj‑w | V‑Hifil‑ConjImperf‑3ms | 1cp,H3384,Judges,13,5486,26
נַעְצְרָה־,H6113,na‘·ṣə·rāh-,let us detain,V‑Qal‑Imperf.Cohort‑1cp,H6113,Judges,13,5578,26
פֶ֛לִאי׃‪‬‪‬,H6383,p̄e·li.,wonderful,Adj‑ms,H6383,Judges,13,5624,26
חָפֵ֨ץ,H2654,ḥā·p̄êṣ,had desired,V‑Qal‑Perf‑3ms,H2654,Judges,13,5683,26
שִׁמְשׁ֑וֹן,H8123,šim·šō·wn;,Samson,N‑proper‑ms,H8123,Judges,13,5705,26
לְפַעֲמ֖וֹ,H6470,lə·p̄a·‘ă·mōw,to move upon him,Prep‑l | V‑Qal‑Inf | 3ms,H6470,Judges,13,5712,26
אֶשְׁתָּאֹֽל׃,H847,’eš·tā·’ōl.,Eshtaol,N‑proper‑fs,H847,Judges,13,5718,26
תִּמְנָ֑תָה,H8553,tim·nā·ṯāh;,to Timnah,N‑proper‑fs | 3fs,H8553,Judges,14,5720,26
הָעֲרֵלִ֑ים,H6189,hā·‘ă·rê·lîm;,the uncircumcised,Art | Adj‑mp,H6189,Judges,14,5753,26
יָשְׁרָ֥ה,H3474,yā·šə·rāh,pleases well,V‑Qal‑Perf‑3fs,H3474,Judges,14,5762,26
תֹאֲנָ֥ה,H8385,ṯō·’ă·nāh,an occasion to move,N‑fs,H8385,Judges,14,5771,26
כְּפִ֣יר,H3715,kə·p̄îr,a young,N‑msc,H3715,Judges,14,5789,26
אֲרָי֔וֹת,H738,"’ă·rā·yō·wṯ,",lion,N‑mp,H738,Judges,14,5790,26
שֹׁאֵ֖ג,H7580,šō·’êḡ,[came] roaring,V‑Qal‑Prtcpl‑ms,H7580,Judges,14,5791,26
וַֽיְשַׁסְּעֵ֙הוּ֙,H8156,way·šas·sə·‘ê·hū,and he tore the lion apart,Conj‑w | V‑Piel‑ConsecImperf‑3ms | 3ms,H8156,Judges,14,5796,26
וּמְא֖וּמָה,H3972,ū·mə·’ū·māh,and though,Conj‑w | N‑ms,H3972,Judges,14,5799,26
מַפֶּ֣לֶת,H4658,map·pe·leṯ,the carcass,N‑fsc,H4658,Judges,14,5819,26
עֲדַ֧ת,H5712,‘ă·ḏaṯ,a swarm,N‑fsc,H5712,Judges,14,5822,26
דְּבוֹרִ֛ים,H1682,də·ḇō·w·rîm,of bees [were],N‑fp,H1682,Judges,14,5823,26
בִּגְוִיַּ֥ת,H1472,biḡ·wî·yaṯ,in the carcass,Prep‑b | N‑fsc,H1472,Judges,14,5824,26
וּדְבָֽשׁ׃,H1706,ū·ḏə·ḇāš.,and honey,Conj‑w | N‑ms,H1706,Judges,14,5826,26
מִשְׁתֶּ֔ה,H4960,"miš·teh,",a feast,N‑ms,H4960,Judges,14,5852,26
הַבַּחוּרִֽים׃,H970,hab·ba·ḥū·rîm.,young men,Art | N‑mp,H970,Judges,14,5856,26
מֵֽרֵעִ֔ים,H4828,"mê·rê·‘îm,",companions,N‑mp,H4828,Judges,14,5861,26
אָחֽוּדָה־,H2330,’ā·ḥū·ḏāh-,let me pose,V‑Qal‑Imperf.Cohort‑1cs,H2330,Judges,14,5865,26
חִידָ֑ה,H2420,ḥî·ḏāh;,a riddle,N‑fs,H2420,Judges,14,5867,26
סְדִינִ֔ים,H5466,"sə·ḏî·nîm,",linen garments,N‑mp,H5466,Judges,14,5878,26
חֲלִפֹ֥ת,H2487,ḥă·li·p̄ōṯ,changes,N‑fpc,H2487,Judges,14,5880,26
מַאֲכָ֔ל,H3978,"ma·’ă·ḵāl,",something to eat,N‑ms,H3978,Judges,14,5898,26
וּמֵעַ֖ז,H5794,ū·mê·‘az,and out of the strong,"Conj‑w, Prep‑m | Adj‑ms",H5794,Judges,14,5899,26
מָת֑וֹק,H4966,mā·ṯō·wq;,something sweet,Adj‑ms,H4966,Judges,14,5901,26
הַשְּׁבִיעִ֗י,H7637,"haš·šə·ḇî·‘î,",seventh,Art | Number‑oms,H7637,Judges,14,5909,26
פַּתִּ֣י,H6601,pat·tî,Entice,V‑Piel‑Imp‑fs,H6601,Judges,14,5913,26
הֱצִיקַ֔תְהוּ,H6693,"hĕ·ṣî·qaṯ·hū,",she pressed him so much,V‑Hifil‑Perf‑3fs | 3ms,H6693,Judges,14,5961,26
בְּטֶ֙רֶם֙,H2962,bə·ṭe·rem,before,Prep‑b | Adv,H2962,Judges,14,5970,26
לוּלֵא֙,H3884,lū·lê,if not,Conj,H3884,Judges,14,5980,26
חֲרַשְׁתֶּ֣ם,H2790,ḥă·raš·tem,you had plowed,V‑Qal‑Perf‑2mp,H2790,Judges,14,5981,26
בְּעֶגְלָתִ֔י,H5697,"bə·‘eḡ·lā·ṯî,",with my heifer,Prep‑b | N‑fsc | 1cs,H5697,Judges,14,5982,26
חֲלִ֣יצוֹתָ֔ם,H2488,"ḥă·lî·ṣō·w·ṯām,",their apparel,N‑fpc | 3mp,H2488,Judges,14,5997,26
רֵעָ֖ה,H7462,rê·‘āh,had been best man,V‑Piel‑Perf‑3ms,H7462,Judges,14,6011,26
קְצִיר־,H7105,qə·ṣîr-,of harvest,N‑msc,H7105,Judges,15,6014,26
וַיִּפְקֹ֨ד,H6485,way·yip̄·qōḏ,that visited,Conj‑w | V‑Qal‑ConsecImperf‑3ms,H6485,Judges,15,6016,26
אֲחֹתָ֤הּ,H269,’ă·ḥō·ṯāh,her sister,N‑fsc | 3fs,H269,Judges,15,6040,26
נִקֵּ֥יתִי,H5352,niq·qê·ṯî,I shall be blameless,V‑Nifal‑Perf‑1cs,H5352,Judges,15,6048,26
שׁוּעָלִ֑ים,H7776,šū·‘ā·lîm;,foxes,N‑mp,H7776,Judges,15,6060,26
וַיֶּ֤פֶן,H6437,way·ye·p̄en,and turned [the foxes],Conj‑w | V‑Hifil‑ConsecImperf‑3ms,H6437,Judges,15,6063,26
זָנָב֙,H2180,zā·nāḇ,tail,N‑ms,H2180,Judges,15,6064,26
בְּקָמ֣וֹת,H7054,bə·qā·mō·wṯ,into the standing grain,Prep‑b | N‑fpc,H7054,Judges,15,6077,26
וַיַּבְעֵ֛ר,H1197,way·yaḇ·‘êr,and burned up,Conj‑w | V‑Hifil‑ConsecImperf‑3ms,H1197,Judges,15,6079,26
מִגָּדִ֥ישׁ,H1430,mig·gā·ḏîš,from the shocks,Prep‑m | N‑ms,H1430,Judges,15,6080,26
חֲתַ֣ן,H2860,ḥă·ṯan,the son-in-law,N‑msc,H2860,Judges,15,6092,26
הַתִּמְנִ֔י,H8554,"hat·tim·nî,",of the Timnite,Art | N‑proper‑ms,H8554,Judges,15,6093,26
נִקַּ֥מְתִּי,H5358,niq·qam·tî,I will take revenge,V‑Nifal‑Perf‑1cs,H5358,Judges,15,6113,26
שׁ֛וֹק,H7785,šō·wq,hip,N‑fs,H7785,Judges,15,6117,26
בִּסְעִ֖יף,H5585,bis·‘îp̄,in the cleft,Prep‑b | N‑msc,H5585,Judges,15,6124,26
עֵיטָֽם׃,H5862,‘ê·ṭām.,of Etam,N‑proper‑fs,H5862,Judges,15,6126,26
בַּלֶּֽחִי׃,H3896,bal·le·ḥî.,against Lehi,"Prep‑b, Art | N‑proper‑fs",H3896,Judges,15,6131,26
לֶאֱס֤וֹר,H631,le·’ĕ·sō·wr,to arrest,Prep‑l | V‑Qal‑Inf,H631,Judges,15,6138,26
עֲבֹתִ֣ים,H5688,‘ă·ḇō·ṯîm,ropes,N‑cp,H5688,Judges,15,6191,26
וַתִּצְלַ֨ח,H6743,wat·tiṣ·laḥ,and came mightily,Conj‑w | V‑Qal‑ConsecImperf‑3fs,H6743,Judges,15,6202,26
זְרוֹעוֹתָ֗יו,H2220,"zə·rō·w·‘ō·w·ṯāw,",his arms,N‑fpc | 3ms,H2220,Judges,15,6210,26
כַּפִּשְׁתִּים֙,H6593,kap·piš·tîm,like flax,"Prep‑k, Art | N‑fp",H6593,Judges,15,6211,26
וַיִּמַּ֥סּוּ,H4549,way·yim·mas·sū,and broke loose,Conj‑w | V‑Nifal‑ConsecImperf‑3mp,H4549,Judges,15,6215,26
אֱסוּרָ֖יו,H612,’ĕ·sū·rāw,his bonds,N‑mpc | 3ms,H612,Judges,15,6216,26
לְחִֽי־,H3895,lə·ḥî-,a jawbone,N‑fsc,H3895,Judges,15,6219,26
טְרִיָּ֑ה,H2961,ṭə·rî·yāh;,fresh,Adj‑fs,H2961,Judges,15,6221,26
חֲמ֖וֹר,H2563,ḥă·mō·wr,Heaps,N‑ms,H2563,Judges,15,6231,26
לֶֽחִי׃,H7437,le·ḥî.,Ramath Lehi,N‑proper‑fs,H7437,Judges,15,6246,26
הַתְּשׁוּעָ֥ה,H8668,hat·tə·šū·‘āh,deliverance,Art | N‑fs,H8668,Judges,15,6257,26
בַּצָּמָ֔א,H6772,"baṣ·ṣā·mā,",of thirst,"Prep‑b, Art | N‑ms",H6772,Judges,15,6262,26
הַמַּכְתֵּ֣שׁ,H4388,ham·maḵ·têš,the hollow place,Art | N‑ms,H4388,Judges,15,6268,26
הַקּוֹרֵא֙,H5875,haq·qō·w·rê,En Hakkore,N‑proper‑fs,H5875,Judges,15,6282,26
הֵ֔נָּה,H2008,"hên·nāh,",here,Adv,H2008,Judges,16,6305,26
א֥וֹר,H216,’ō·wr,it is daylight,N‑csc,H216,Judges,16,6317,26
חֲצִ֣י,H2677,ḥă·ṣî,that,N‑msc,H2677,Judges,16,6322,26
הַמְּזוּז֔וֹת,H4201,"ham·mə·zū·zō·wṯ,",gateposts,Art | N‑fp,H4201,Judges,16,6332,26
וַיִּסָּעֵם֙,H5265,way·yis·sā·‘êm,and pulled them up,Conj‑w | V‑Qal‑ConsecImperf‑3ms | 3mp,H5265,Judges,16,6333,26
הַבְּרִ֔יחַ,H1280,"hab·bə·rî·aḥ,",bar and all,Art | N‑ms,H1280,Judges,16,6335,26
כְּתֵפָ֑יו,H3802,kə·ṯê·p̄āw;,his shoulders,N‑fpc | 3ms,H3802,Judges,16,6338,26
שֹׂרֵ֑ק,H7796,śō·rêq;,of Sorek,N‑proper‑fs,H7796,Judges,16,6352,26
דְּלִילָֽה׃,H1807,də·lî·lāh.,Delilah,N‑proper‑fs,H1807,Judges,16,6354,26
לְעַנֹּת֑וֹ,H6031,lə·‘an·nō·ṯōw;,to afflict him,Prep‑l | V‑Piel‑Inf | 3ms,H6031,Judges,16,6368,26
לַחִ֖ים,H3892,la·ḥîm,fresh,Adj‑mp,H3892,Judges,16,6392,26
חֹרָ֑בוּ‪‬,H2717,ḥō·rā·ḇū,yet dried,V‑Pual‑Perf‑3cp,H2717,Judges,16,6395,26
וְחָלִ֥יתִי,H2470,wə·ḥā·lî·ṯî,then I shall become weak,Conj‑w | V‑Qal‑ConjPerf‑1cs,H2470,Judges,16,6396,26
הָאָדָֽם׃,H120,hā·’ā·ḏām.,of [ordinary] men,Art | N‑ms,H120,Judges,16,6399,26
וַיְנַתֵּק֙,H5423,way·nat·têq,But he broke,Conj‑w | V‑Piel‑ConsecImperf‑3ms,H5423,Judges,16,6416,26
פְּתִֽיל־,H6616,pə·ṯîl-,a strand,N‑msc,H6616,Judges,16,6421,26
הַנְּעֹ֙רֶת֙,H5296,han·nə·‘ō·reṯ,of yarn,Art | N‑fs,H5296,Judges,16,6422,26
בַּהֲרִיח֣וֹ,H7306,ba·hă·rî·ḥōw,when it touches,Prep‑b | V‑Hifil‑Inf | 3ms,H7306,Judges,16,6423,26
הֵתַ֣לְתָּ,H2048,hê·ṯal·tā,you have mocked,V‑Hifil‑Perf‑2ms,H2048,Judges,16,6432,26
כְּזָבִ֑ים,H3576,kə·zā·ḇîm;,lies,N‑mp,H3576,Judges,16,6435,26
מְלָאכָ֑ה,H4399,mə·lā·ḵāh;,have been used,N‑fs,H4399,Judges,16,6450,26
כַּחֽוּט׃,H2339,ka·ḥūṭ.,like a thread,"Prep‑k, Art | N‑ms",H2339,Judges,16,6470,26
תַּאַרְגִ֗י,H707,"ta·’ar·ḡî,",you weave,V‑Qal‑Imperf‑2fs,H707,Judges,16,6486,26
מַחְלְפ֥וֹת,H4253,maḥ·lə·p̄ō·wṯ,the locks,N‑fpc,H4253,Judges,16,6489,26
הַמַּסָּֽכֶת׃,H4545,ham·mas·sā·ḵeṯ.,the web of the loom,Art | N‑fs,H4545,Judges,16,6492,26
וַיִּיקַץ֙,H3364,way·yî·qaṣ,But he awoke,Conj‑w | V‑Qal‑ConsecImperf‑3ms,H3364,Judges,16,6499,26
מִשְּׁנָת֔וֹ,H8142,"miš·šə·nā·ṯōw,",from his sleep,Prep‑m | N‑fsc | 3ms,H8142,Judges,16,6500,26
הָאֶ֖רֶג,H708,hā·’e·reḡ,the loom,Art | N‑ms,H708,Judges,16,6504,26
אֵ֚יךְ,H349,’êḵ,how,Interjection,H349,Judges,16,6508,26
וַתְּאַֽלֲצֵ֑הוּ,H509,wat·tə·’a·lă·ṣê·hū;,and pressed him,Conj‑w | V‑Piel‑ConsecImperf‑3fs | 3ms,H509,Judges,16,6528,26
גֻּלַּ֙חְתִּי֙,H1548,gul·laḥ·tî,I am shaven,V‑Pual‑Perf‑1cs,H1548,Judges,16,6548,26
וְאִנָּעֵ֔ר,H5287,"wə·’in·nā·‘êr,",and shake myself free,Conj‑w | V‑Nifal‑ConjImperf‑1cs,H5287,Judges,16,6604,26
וַֽיְנַקְּר֖וּ,H5365,way·naq·qə·rū,and put out,Conj‑w | V‑Piel‑ConsecImperf‑3mp,H5365,Judges,16,6613,26
בַּֽנְחֻשְׁתַּ֔יִם,H5178,"ban·ḥuš·ta·yim,",with bronze fetters,"Prep‑b, Art | N‑fd",H5178,Judges,16,6620,26
טוֹחֵ֖ן,H2912,ṭō·w·ḥên,a grinder,V‑Qal‑Prtcpl‑ms,H2912,Judges,16,6622,26
(הָאֲסוּרִֽים׃),H615,hā·’ă·sū·rîm.,prison,Art | V‑Qal‑QalPassPrtcpl‑mp,H615,Judges,16,6624,26
שְׂעַר־,H8181,śə·‘ar-,the hair,N‑msc,H8181,Judges,16,6625,26
לְצַמֵּ֖חַ,H6779,lə·ṣam·mê·aḥ,to grow again,Prep‑l | V‑Piel‑Inf,H6779,Judges,16,6627,26
זֶֽבַח־,H2077,ze·ḇaḥ-,a sacrifice,N‑ms,H2077,Judges,16,6633,26
לְדָג֥וֹן,H1712,lə·ḏā·ḡō·wn,to Dagon,Prep‑l | N‑proper‑ms,H1712,Judges,16,6635,26
וּלְשִׂמְחָ֑ה,H8057,ū·lə·śim·ḥāh;,and to rejoice,"Conj‑w, Prep‑l | N‑fs",H8057,Judges,16,6637,26
וַֽיְהַלְל֖וּ,H1984,way·hal·lū,and they praised,Conj‑w | V‑Piel‑ConsecImperf‑3mp,H1984,Judges,16,6647,26
וִישַֽׂחֶק־,H7832,wî·śa·ḥeq-,that he may perform,Conj‑w | V‑Piel‑ConjImperf‑3ms,H7832,Judges,16,6670,26
וַיְצַחֵק֙,H6711,way·ṣa·ḥêq,and he performed,Conj‑w | V‑Piel‑ConsecImperf‑3ms,H6711,Judges,16,6675,26
הָעַמּוּדִֽים׃,H5982,hā·‘am·mū·ḏîm.,the pillars,Art | N‑mp,H5982,Judges,16,6680,26
(וַהֲמִשֵׁ֙נִי֙),H3237,wa·hă·mi·šê·nî,feel,Conj‑w | V‑Hifil‑Imp‑ms | 1cs,H3237,Judges,16,6688,26
וְאֶשָּׁעֵ֖ן,H8172,wə·’eš·šā·‘ên,so that I can lean,Conj‑w | V‑Nifal‑ConjImperf.h‑1cs,H8172,Judges,16,6695,26
מָלֵ֤א,H4390,mā·lê,was full,V‑Qal‑Perf‑3ms,H4390,Judges,16,6697,26
נְקַם־,H5359,nə·qam-,[with] vengeful blow,N‑msc,H5359,Judges,16,6728,26
וַיִּסָּמֵ֖ךְ,H5564,way·yis·sā·mêḵ,and he braced himself,Conj‑w | V‑Nifal‑ConsecImperf‑3ms,H5564,Judges,16,6742,26
מִיכָֽיְהוּ׃,H4319,mî·ḵā·yə·hū.,Micaiah,N‑proper‑ms,H4319,Judges,17,6798,26
אָלִית֙,H422,’ā·lîṯ,put a curse,V‑Qal‑Perf‑2fs,H422,Judges,17,6806,26
הַקְדֵּ֣שׁ,H6942,haq·dêš,wholly,V‑Hifil‑InfAbs,H6942,Judges,17,6827,26
פֶּ֣סֶל,H6459,pe·sel,a carved image,N‑ms,H6459,Judges,17,6835,26
וּמַסֵּכָ֔ה,H4541,"ū·mas·sê·ḵāh,",and a molded image,Conj‑w | N‑fs,H4541,Judges,17,6836,26
מִיכָ֔ה,H4318,"mî·ḵāh,",Micah,N‑proper‑ms,H4318,Judges,17,6854,26
וּתְרָפִ֔ים,H8655,"ū·ṯə·rā·p̄îm,",and household idols,Conj‑w | N‑mp,H8655,Judges,17,6859,26
לְכֹהֵֽן׃,H3548,lə·ḵō·hên.,priest,Prep‑l | N‑ms,H3548,Judges,17,6866,26
הַיָּשָׁ֥ר,H3477,hay·yā·šār,right,Art | Adj‑ms,H3477,Judges,17,6872,26
לֵוִ֖י,H3881,lê·wî,a Levite,N‑proper‑ms,H3881,Judges,17,6881,26
מֵאַ֣יִן,H370,mê·’a·yin,from where,Prep‑m | Adv,H370,Judges,17,6901,26
עִמָּדִ֗י,H5978,"‘im·mā·ḏî,",with me,Prep | 1cs,H5978,Judges,17,6916,26
וְעֵ֥רֶךְ,H6187,wə·‘ê·reḵ,and a suit,Conj‑w | N‑msc,H6187,Judges,17,6925,26
יֵיטִ֥יב,H3190,yê·ṭîḇ,will be good,V‑Hifil‑Imperf‑3ms,H3190,Judges,17,6952,26
מִקְצוֹתָם֩,H7098,miq·ṣō·w·ṯām,from their territory,Prep‑m | N‑fpc | 3mp,H7098,Judges,18,6984,26
לְרַגֵּ֤ל,H7270,lə·rag·gêl,to spy out,Prep‑l | V‑Piel‑Inf,H7270,Judges,18,6990,26
וּלְחָקְרָ֔הּ,H2713,"ū·lə·ḥā·qə·rāh,",and search it,"Conj‑w, Prep‑l | V‑Qal‑Inf | 3fs",H2713,Judges,18,6993,26
וַיָּלִ֖ינוּ,H3885,way·yā·lî·nū,and lodged,Conj‑w | V‑Qal‑ConsecImperf‑3mp,H3885,Judges,18,7006,26
הִכִּ֔ירוּ,H5234,"hik·kî·rū,",recognized,V‑Hifil‑Perf‑3cp,H5234,Judges,18,7012,26
הֲלֹ֔ם,H1988,"hă·lōm,",here,Adv,H1988,Judges,18,7022,26
כָּזֹ֣ה,H2090,kā·zōh,Like this,Prep‑k | Pro‑fs,H2090,Judges,18,7030,26
נֹ֣כַח,H5227,nō·ḵaḥ,the presence,Prep,H5227,Judges,18,7050,26
לָ֑יְשָׁה,H3919,lā·yə·šāh;,to Laish,N‑proper‑fs | 3fs,H3919,Judges,18,7058,26
מַכְלִ֨ים,H3637,maḵ·lîm,who might put [them] to shame,V‑Hifil‑Prtcpl‑ms,H3637,Judges,18,7071,26
עֶ֔צֶר,H6114,"‘e·ṣer,",rulers,N‑ms,H6114,Judges,18,7075,26
וּרְחֹקִ֥ים,H7350,ū·rə·ḥō·qîm,and far,Conj‑w | Adj‑mp,H7350,Judges,18,7076,26
מַחְשִׁ֔ים,H2814,"maḥ·šîm,",nothing,V‑Hifil‑Prtcpl‑mp,H2814,Judges,18,7102,26
תֵּעָ֣צְל֔וּ,H6101,"tê·‘ā·ṣə·lū,",do hesitate,V‑Nifal‑Imperf‑2mp,H6101,Judges,18,7104,26
רַחֲבַ֣ת,H7342,ra·ḥă·ḇaṯ,large,Adj‑fsc,H7342,Judges,18,7115,26
מַחְס֔וֹר,H4270,"maḥ·sō·wr,",lack,N‑msc,H4270,Judges,18,7125,26
יְעָרִ֖ים,H7157,yə·‘ā·rîm,Kirjath Jearim,Prep | N‑proper‑fs,H7157,Judges,18,7142,26
דָ֗ן,H4265,"ḏān,",Mahaneh Dan,N‑proper‑fs,H4265,Judges,18,7149,26
הַטַּ֧ף,H2945,haṭ·ṭap̄,the little ones,Art | N‑ms,H2945,Judges,18,7288,26
הַכְּבוּדָּ֖ה,H3520,hak·kə·ḇū·dāh,the goods,Art | N‑fs,H3520,Judges,18,7292,26
הִרְחִ֖יקוּ,H7368,hir·ḥî·qū,were a good way,V‑Hifil‑Perf‑3cp,H7368,Judges,18,7294,26
וַיַּדְבִּ֖יקוּ,H1692,way·yaḏ·bî·qū,and overtook,Conj‑w | V‑Hifil‑ConsecImperf‑3mp,H1692,Judges,18,7305,26
מָ֣רֵי,H4751,mā·rê,angry,Adj‑mpc,H4751,Judges,18,7344,26
חֲזָקִ֥ים,H2389,ḥă·zā·qîm,stronger,Adj‑mp,H2389,Judges,18,7356,26
רְח֑וֹב,H1050,rə·ḥō·wḇ;,Beth Rehob,Prep | N‑proper‑fs,H1050,Judges,18,7399,26
וְאוּלָ֛ם,H199,wə·’ū·lām,and However,Conj‑w | Conj,H199,Judges,18,7413,26
לָרִאשֹׁנָֽה׃,H7223,lā·ri·šō·nāh.,formerly,"Prep‑l, Art | Adj‑fs",H7223,Judges,18,7417,26
וִ֠יהוֹנָתָן,H3129,wî·hō·w·nā·ṯān,and Jonathan,Conj‑w | N‑proper‑ms,H3129,Judges,18,7422,26
גֵּרְשֹׁ֨ם,H1647,gê·rə·šōm,Gershom,N‑proper‑ms,H1647,Judges,18,7424,26
גְּל֥וֹת,H1540,gə·lō·wṯ,of the captivity,V‑Qal‑Inf,H1540,Judges,18,7435,26
בְּשִׁלֹֽה׃,H7887,bə·ši·lōh.,in Shiloh,Prep‑b | N‑proper‑fs,H7887,Judges,18,7447,26
בְּיַרְכְּתֵ֣י,H3411,bə·yar·kə·ṯê,in the remote,Prep‑b | N‑fdc,H3411,Judges,19,7457,26
פִילֶ֔גֶשׁ,H6370,"p̄î·le·ḡeš,",a concubine,N‑fs,H6370,Judges,19,7462,26
וְצֶ֣מֶד,H6776,wə·ṣe·meḏ,and a couple,Conj‑w | N‑msc,H6776,Judges,19,7489,26
הַֽנַּעֲרָ֔ה,H5291,"han·na·‘ă·rāh,",of the young woman,Art | N‑fs,H5291,Judges,19,7496,26
הָרְבִיעִ֔י,H7243,"hā·rə·ḇî·‘î,",fourth,Art | Number‑oms,H7243,Judges,19,7511,26
סְעָ֧ד,H5582,sə·‘āḏ,Refresh,V‑Qal‑Imp‑ms,H5582,Judges,19,7521,26
פַּת־,H6595,paṯ-,with a morsel,N‑fsc,H6595,Judges,19,7523,26
וַיִּפְצַר־,H6484,way·yip̄·ṣar-,and urged,Conj‑w | V‑Qal‑ConsecImperf‑3ms,H6484,Judges,19,7543,26
הַחֲמִישִׁי֮,H2549,ha·ḥă·mî·šî,fifth,Art | Number‑oms,H2549,Judges,19,7550,26
לְבָ֣בְךָ֔,H3824,"lə·ḇā·ḇə·ḵā,",Your heart,N‑msc | 2ms,H3824,Judges,19,7557,26
לַעֲרֹ֗ב,H6150,"la·‘ă·rōḇ,",toward evening,Prep‑l | V‑Qal‑Inf,H6150,Judges,19,7577,26
מָחָר֙,H4279,mā·ḥār,Tomorrow,Adv,H4279,Judges,19,7588,26
יְב֔וּס,H2982,"yə·ḇūs,",Jebus,N‑proper‑fs,H2982,Judges,19,7600,26
חֲבוּשִׁ֔ים,H2280,"ḥă·ḇū·šîm,",saddled,V‑Qal‑QalPassPrtcpl‑mp,H2280,Judges,19,7606,26
רַ֣ד,H7286,raḏ,was spent,V‑Qal‑Perf‑3ms,H7286,Judges,19,7612,26
נָכְרִ֔י,H5237,"nā·ḵə·rî,",of foreigners,Adj‑ms,H5237,Judges,19,7632,26
גִּבְעָֽה׃,H1390,giḇ·‘āh.,Gibeah,N‑proper‑fs,H1390,Judges,19,7640,26
אֵ֥צֶל,H681,’ê·ṣel,near,Prep,H681,Judges,19,7653,26
בִּרְח֣וֹב,H7339,bir·ḥō·wḇ,in the open square,Prep‑b | N‑fsc,H7339,Judges,19,7663,26
בָּעֶ֔רֶב,H6153,"bā·‘e·reḇ,",at evening,"Prep‑b, Art | N‑ms",H6153,Judges,19,7678,26
הָאֹרֵ֖חַ,H732,hā·’ō·rê·aḥ,traveler,Art | V‑Qal‑Prtcpl‑ms,H732,Judges,19,7692,26
אָ֥נָה,H575,’ā·nāh,where,Interrog,H575,Judges,19,7698,26
תֶּ֤בֶן,H8401,te·ḇen,straw,N‑ms,H8401,Judges,19,7727,26
מִסְפּוֹא֙,H4554,mis·pō·w,fodder,N‑ms,H4554,Judges,19,7729,26
וַֽיִּרְחֲצוּ֙,H7364,way·yir·ḥă·ṣū,and they washed,Conj‑w | V‑Qal‑ConsecImperf‑3mp,H7364,Judges,19,7757,26
בְלִיַּ֗עַל,H1100,"ḇə·lî·ya·‘al,",perverted,N‑ms,H1100,Judges,19,7769,26
מִֽתְדַּפְּקִ֖ים,H1849,miṯ·dap·pə·qîm,[and] beat,V‑Hitpael‑Prtcpl‑mp,H1849,Judges,19,7773,26
תָּרֵ֣עוּ,H7489,tā·rê·‘ū,do act [so] wickedly,V‑Hifil‑Imperf‑2mp,H7489,Judges,19,7800,26
הַנְּבָלָ֥ה,H5039,han·nə·ḇā·lāh,outrage,Art | N‑fs,H5039,Judges,19,7812,26
הַבְּתוּלָ֜ה,H1330,hab·bə·ṯū·lāh,virgin,Art | N‑fs,H1330,Judges,19,7815,26
וַיִּֽתְעַלְּלוּ־,H5953,way·yiṯ·‘al·lə·lū-,and abused,Conj‑w | V‑Hitpael‑ConsecImperf‑3mp,H5953,Judges,19,7843,26
הַשָּֽׁחַר׃,H7837,haš·šā·ḥar.,the day,Art | N‑ms,H7837,Judges,19,7850,26
הַסַּֽף׃,H5592,has·sap̄.,the threshold,Art | N‑ms,H5592,Judges,19,7879,26
הַֽמַּאֲכֶ֙לֶת֙,H3979,ham·ma·’ă·ḵe·leṯ,a knife,Art | N‑fs,H3979,Judges,19,7896,26
וַֽיְנַתְּחֶ֙הָ֙,H5408,way·nat·tə·ḥe·hā,and divided her,Conj‑w | V‑Piel‑ConsecImperf‑3ms | 3fs,H5408,Judges,19,7899,26
נְתָחִ֑ים,H5409,nə·ṯā·ḥîm;,pieces,N‑mp,H5409,Judges,19,7903,26
עֻ֥צוּ,H5779,‘u·ṣū,confer,V‑Qal‑Imp‑mp,H5779,Judges,19,7927,26
וַתִּקָּהֵ֨ל,H6950,wat·tiq·qā·hêl,and gathered together,Conj‑w | V‑Nifal‑ConsecImperf‑3fs,H6950,Judges,20,7932,26
שֶׁ֔בַע,H884,"še·ḇa‘,",Beersheba,N‑proper‑fs,H884,Judges,20,7938,26
פִּנּ֣וֹת,H6438,pin·nō·wṯ,the leaders,N‑fpc,H6438,Judges,20,7944,26
בִּקְהַ֖ל,H6951,biq·hal,in the assembly,Prep‑b | N‑msc,H6951,Judges,20,7950,26
רַגְלִ֖י,H7273,raḡ·lî,foot soldiers,Adj‑ms,H7273,Judges,20,7957,26
הַנִּרְצָחָ֖ה,H7523,han·nir·ṣā·ḥāh,who was murdered,Art | V‑Nifal‑Prtcpl‑fs,H7523,Judges,20,7979,26
דִּמּ֣וּ,H1819,dim·mū,they intended,V‑Piel‑Perf‑3cp,H1819,Judges,20,7997,26
זִמָּ֥ה,H2154,zim·māh,lewdness,N‑fs,H2154,Judges,20,8012,26
וְעֵצָ֖ה,H6098,wə·‘ê·ṣāh,and counsel,Conj‑w | N‑fs,H6098,Judges,20,8020,26
לָרְבָבָ֔ה,H7233,"lā·rə·ḇā·ḇāh,",out of [every] ten thousand,"Prep‑l, Art | Number‑fs",H7233,Judges,20,8051,26
לְגֶ֣בַע,H1387,lə·ḡe·ḇa‘,to Geba in,Prep‑l | N‑proper‑fs,H1387,Judges,20,8057,26
חֲבֵרִֽים׃,H2270,ḥă·ḇê·rîm.,united together,N‑mp,H2270,Judges,20,8071,26
קֹלֵ֧עַ,H7049,qō·lê·a‘,could sling,V‑Qal‑Prtcpl‑ms,H7049,Judges,20,8144,26
הַֽשַּׂעֲרָ֖ה,H8185,haś·śa·‘ă·rāh,a hair's [breadth],Art | N‑fs,H8185,Judges,20,8147,26
וַיַּעַרְכ֨וּ,H6186,way·ya·‘ar·ḵū,and put themselves in battle array,Conj‑w | V‑Qal‑ConsecImperf‑3mp,H6186,Judges,20,8193,26
וַיָּצ֥וּמוּ,H6684,way·yā·ṣū·mū,and fasted,Conj‑w | V‑Qal‑ConsecImperf‑3mp,H6684,Judges,20,8284,26
וּשְׁלָמִ֖ים,H8002,ū·šə·lā·mîm,and peace offerings,Conj‑w | N‑mp,H8002,Judges,20,8291,26
אֲרוֹן֙,H727,’ă·rō·wn,the ark,N‑csc,H727,Judges,20,8298,26
אֶלְעָזָ֨ר,H499,’el·‘ā·zār,of Eleazar,N‑proper‑ms,H499,Judges,20,8304,26
אַהֲרֹ֜ן,H175,’a·hă·rōn,of Aaron,N‑proper‑ms,H175,Judges,20,8306,26
הַשְּׁלִישִׁ֑י,H7992,haš·šə·lî·šî;,third,Art | Number‑oms,H7992,Judges,20,8340,26
נִגָּפִ֥ים,H5062,nig·gā·p̄îm,[are] defeated,V‑Nifal‑Prtcpl‑mp,H5062,Judges,20,8372,26
תָּמָ֑ר,H1193,tā·mār;,Baal Tamar,Prep | N‑proper‑fs,H1193,Judges,20,8390,26
מֵגִ֥יחַ,H1518,mê·ḡî·aḥ,burst forth,V‑Hifil‑Prtcpl‑ms,H1518,Judges,20,8393,26
מִמַּֽעֲרֵה־,H4629,mim·ma·‘ă·rêh-,in the plain of,Prep‑m | N‑msc,H4629,Judges,20,8395,26
הֵחִ֔ישׁוּ,H2363,"hê·ḥî·šū,",quickly,V‑Hifil‑Perf‑3cp,H2363,Judges,20,8451,26
מַשְׂאַ֥ת,H4864,maś·’aṯ,cloud,N‑fsc,H4864,Judges,20,8470,26
הֶעָשָׁ֖ן,H6227,he·‘ā·šān,of smoke,Art | N‑ms,H6227,Judges,20,8471,26
כְלִיל־,H3632,ḵə·lîl-,whole,N‑msc,H3632,Judges,20,8505,26
וַיִּבָּהֵ֖ל,H926,way·yib·bā·hêl,and panicked,Conj‑w | V‑Nifal‑ConsecImperf‑3ms,H926,Judges,20,8510,26
מְנוּחָ֖ה,H4496,mə·nū·ḥāh,[and] easily,N‑fs,H4496,Judges,20,8535,26
הָֽרִמּ֔וֹן,H7417,"hā·rim·mō·wn,",of Rimmon,Art | N‑proper‑fs,H7417,Judges,20,8556,26
גִּדְעֹ֔ם,H1440,"giḏ·‘ōm,",Gidom,N‑proper‑fs,H1440,Judges,20,8565,26
מְתֹם֙,H4974,mə·ṯōm,men,N‑ms,H4974,Judges,20,8608,26
בְּהֵמָ֔ה,H929,"bə·hê·māh,",and beasts,N‑fs,H929,Judges,20,8610,26
בְּכִ֥י,H1065,bə·ḵî,very,N‑ms,H1065,Judges,21,8642,26
הַשְּׁבוּעָ֨ה,H7621,haš·šə·ḇū·‘āh,a oath,Art | N‑fs,H7621,Judges,21,8678,26
נִגְדַּ֥ע,H1438,niḡ·da‘,is cut off,V‑Nifal‑Perf‑3ms,H1438,Judges,21,8696,26
מִיָּבֵ֥ישׁ,H3003,mî·yā·ḇêš,from Jabesh-gilead,N‑proper‑fs,H3003,Judges,21,8727,26
זָכָ֗ר,H2145,"zā·ḵār,",male,N‑ms,H2145,Judges,21,8764,26
מִשְׁכַּב־,H4904,miš·kaḇ-,who has known intimately,N‑msc,H4904,Judges,21,8768,26
פֶּ֖רֶץ,H6556,pe·reṣ,a void,N‑ms,H6556,Judges,21,8821,26
נִשְׁמְדָ֥ה,H8045,niš·mə·ḏāh,have been destroyed,V‑Nifal‑Perf‑3fs,H8045,Judges,21,8831,26
יְרֻשַּׁ֥ת,H3425,yə·ruš·šaṯ,[There must be] an inheritance,N‑fsc,H3425,Judges,21,8834,26
פְּלֵיטָ֖ה,H6413,pə·lê·ṭāh,for the survivors,N‑fs,H6413,Judges,21,8835,26
יִמָּחֶ֥ה,H4229,yim·mā·ḥeh,may be destroyed,V‑Nifal‑Imperf‑3ms,H4229,Judges,21,8838,26
חַג־,H2282,ḥaḡ-,[there is] a feast,N‑msc,H2282,Judges,21,8856,26
לִלְבוֹנָֽה׃,H3829,lil·ḇō·w·nāh.,of Lebonah,Prep‑l | N‑proper‑fs,H3829,Judges,21,8871,26
לָח֣וּל,H2342,lā·ḥūl,to perform,Prep‑l | V‑Qal‑Inf,H2342,Judges,21,8885,26
וַחֲטַפְתֶּ֥ם,H2414,wa·ḥă·ṭap̄·tem,and catch,Conj‑w | V‑Qal‑ConjPerf‑2mp,H2414,Judges,21,8890,26
חָנּ֣וּנוּ,H2603,ḥān·nū·nū,Be kind,V‑Qal‑Imp‑mp | 1cp,H2603,Judges,21,8907,26
תֶּאְשָֽׁמוּ׃,H816,te’·šā·mū.,making yourselves guilty of your oath,V‑Qal‑Imperf‑2mp,H816,Judges,21,8920,26
