Greek Word,english_translation,parsing_abbreviation,strongs_number,chapter_ref,Row Ordinal,reading_order_position
Πολυμερῶς,In many portions,Adv,G4181,Hebrews 1,1,26
καὶ,and,Conj,G2532,Hebrews 1,2,26
πολυτρόπως,in many ways,Adv,G4187,Hebrews 1,3,26
πάλαι,long ago,Adv,G3819,Hebrews 1,4,26
ὁ,-,Art-NMS,G3588,Hebrews 1,5,26
Θεὸς,God,N-NMS,G2316,Hebrews 1,6,26
λαλήσας,having spoken,V-APA-NMS,G2980,Hebrews 1,7,26
πατράσιν,fathers,N-DMP,G3962,Hebrews 1,8,26
ἐν,in,Prep,G1722,Hebrews 1,9,26
προφήταις,prophets,N-DMP,G4396,Hebrews 1,10,26
ἐπ,in,Prep,G1909,Hebrews 1,11,26
ἐσχάτου,last,Adj-GNS,G2078,Hebrews 1,12,26
ἡμερῶν,days,N-GFP,G2250,Hebrews 1,13,26
τούτων,these,DPro-GFP,G3778,Hebrews 1,14,26
ἡμῖν,to us,PPro-D1P,G1473,Hebrews 1,15,26
Υἱῷ,His Son,N-DMS,G5207,Hebrews 1,16,26
ὃν,whom,RelPro-AMS,G3739,Hebrews 1,17,26
ἔθηκεν,He appointed,V-AIA-3S,G5087,Hebrews 1,18,26
κληρονόμον,heir,N-AMS,G2818,Hebrews 1,19,26
πάντων,of all things,Adj-GNP,G3956,Hebrews 1,20,26
δι,through,Prep,G1223,Hebrews 1,21,26
ἐποίησεν,He made,V-AIA-3S,G4160,Hebrews 1,22,26
αἰῶνας,ages,N-AMP,G165,Hebrews 1,23,26
ὢν,being,V-PPA-NMS,G1510,Hebrews 1,24,26
ἀπαύγασμα,the radiance,N-NNS,G541,Hebrews 1,25,26
δόξης,glory,N-GFS,G1391,Hebrews 1,26,26
χαρακτὴρ,the exact expression,N-NMS,G5481,Hebrews 1,27,26
ὑποστάσεως,substance,N-GFS,G5287,Hebrews 1,28,26
αὐτοῦ,of Him,PPro-GM3S,G846,Hebrews 1,29,26
φέρων,upholding,V-PPA-NMS,G5342,Hebrews 1,30,26
τε,then,Conj,G5037,Hebrews 1,31,26
ῥήματι,word,N-DNS,G4487,Hebrews 1,32,26
δυνάμεως,power,N-GFS,G1411,Hebrews 1,33,26
καθαρισμὸν,the purification,N-AMS,G2512,Hebrews 1,34,26
ἁμαρτιῶν,of sins,N-GFP,G266,Hebrews 1,35,26
ἐκάθισεν,sat down,V-AIA-3S,G2523,Hebrews 1,36,26
δεξιᾷ,the right hand,Adj-DFS,G1188,Hebrews 1,37,26
Μεγαλωσύνης,Majesty,N-GFS,G3172,Hebrews 1,38,26
ὑψηλοῖς,high,Adj-DMP,G5308,Hebrews 1,39,26
τοσούτῳ,By so much,DPro-DNS,G5118,Hebrews 1,40,26
κρείττων,superior,Adj-NMS-C,G2909,Hebrews 1,41,26
γενόμενος,having become,V-APM-NMS,G1096,Hebrews 1,42,26
ἀγγέλων,angels,N-GMP,G32,Hebrews 1,43,26
ὅσῳ,as much as,RelPro-DNS,G3745,Hebrews 1,44,26
διαφορώτερον,more excellent,Adj-ANS-C,G1313,Hebrews 1,45,26
παρ,beyond,Prep,G3844,Hebrews 1,46,26
κεκληρονόμηκεν,He has inherited,V-RIA-3S,G2816,Hebrews 1,47,26
ὄνομα,a name,N-ANS,G3686,Hebrews 1,48,26
Τίνι,To which,IPro-DMS,G5101,Hebrews 1,49,26
γὰρ,for,Conj,G1063,Hebrews 1,50,26
εἶπέν,did He say,V-AIA-3S,G2036,Hebrews 1,51,26
ποτε,ever,Prtcl,G4218,Hebrews 1,52,26
σύ,You,PPro-N2S,G4771,Hebrews 1,53,26
σήμερον,today,Adv,G4594,Hebrews 1,54,26
γεγέννηκά,have begotten,V-RIA-1S,G1080,Hebrews 1,55,26
πάλιν,again,Adv,G3825,Hebrews 1,56,26
εἰς,for,Prep,G1519,Hebrews 1,57,26
Ὅταν,When,Conj,G3752,Hebrews 1,58,26
δὲ,then,Conj,G1161,Hebrews 1,59,26
εἰσαγάγῃ,He brings,V-ASA-3S,G1521,Hebrews 1,60,26
πρωτότοκον,Firstborn,Adj-AMS,G4416,Hebrews 1,61,26
οἰκουμένην,world,N-AFS,G3625,Hebrews 1,62,26
λέγει,He says,V-PIA-3S,G3004,Hebrews 1,63,26
προσκυνησάτωσαν,let worship,V-AMA-3P,G4352,Hebrews 1,64,26
πρὸς,as to,Prep,G4314,Hebrews 1,65,26
μὲν,indeed,Conj,G3303,Hebrews 1,66,26
πνεύματα,winds,N-ANP,G4151,Hebrews 1,67,26
λειτουργοὺς,ministers,N-AMP,G3011,Hebrews 1,68,26
πυρὸς,of fire,N-GNS,G4442,Hebrews 1,69,26
φλόγα,a flame,N-AFS,G5395,Hebrews 1,70,26
θρόνος,throne,N-NMS,G2362,Hebrews 1,71,26
ῥάβδος,scepter,N-NFS,G4464,Hebrews 1,72,26
εὐθύτητος,righteousness is,N-GFS,G2118,Hebrews 1,73,26
βασιλείας,kingdom,N-GFS,G932,Hebrews 1,74,26
ἠγάπησας,You have loved,V-AIA-2S,G25,Hebrews 1,75,26
δικαιοσύνην,righteousness,N-AFS,G1343,Hebrews 1,76,26
ἐμίσησας,have hated,V-AIA-2S,G3404,Hebrews 1,77,26
ἀνομίαν,wickedness,N-AFS,G458,Hebrews 1,78,26
ἔχρισέν,has anointed,V-AIA-3S,G5548,Hebrews 1,79,26
ἔλαιον,with the oil,N-ANS,G1637,Hebrews 1,80,26
ἀγαλλιάσεως,of exultation,N-GFS,G20,Hebrews 1,81,26
μετόχους,companions,Adj-AMP,G3353,Hebrews 1,82,26
κατ,in,Prep,G2596,Hebrews 1,83,26
ἀρχάς,the beginning,N-AFP,G746,Hebrews 1,84,26
Κύριε,Lord,N-VMS,G2962,Hebrews 1,85,26
γῆν,earth,N-AFS,G1093,Hebrews 1,86,26
ἐθεμελίωσας,laid the foundation,V-AIA-2S,G2311,Hebrews 1,87,26
ἔργα,works,N-NNP,G2041,Hebrews 1,88,26
χειρῶν,hands,N-GFP,G5495,Hebrews 1,89,26
οὐρανοί,heavens,N-NMP,G3772,Hebrews 1,90,26
ἀπολοῦνται,will perish,V-FIM-3P,G622,Hebrews 1,91,26
διαμένεις,remain,V-PIA-2S,G1265,Hebrews 1,92,26
ὡς,like,Adv,G5613,Hebrews 1,93,26
ἱμάτιον,a garment,N-NNS,G2440,Hebrews 1,94,26
παλαιωθήσονται,will grow old,V-FIP-3P,G3822,Hebrews 1,95,26
ὡσεὶ,like,Adv,G5616,Hebrews 1,96,26
περιβόλαιον,a robe,N-ANS,G4018,Hebrews 1,97,26
ἑλίξεις,You will roll up,V-FIA-2S,G1667,Hebrews 1,98,26
ἀλλαγήσονται,they will be changed,V-FIP-3P,G236,Hebrews 1,99,26
ἔτη,years,N-NNP,G2094,Hebrews 1,100,26
οὐκ,not,Adv,G3756,Hebrews 1,101,26
ἐκλείψουσιν,will never end,V-FIA-3P,G1587,Hebrews 1,102,26
εἴρηκέν,did He say,V-RIA-3S,G2046,Hebrews 1,103,26
Κάθου,Sit,V-PMM/P-2S,G2521,Hebrews 1,104,26
ἐκ,at,Prep,G1537,Hebrews 1,105,26
ἕως,until,Conj,G2193,Hebrews 1,106,26
ἂν,-,Prtcl,G302,Hebrews 1,107,26
ἐχθρούς,enemies,Adj-AMP,G2190,Hebrews 1,108,26
ὑποπόδιον,as a footstool,N-ANS,G5286,Hebrews 1,109,26
ποδῶν,feet,N-GMP,G4228,Hebrews 1,110,26
Οὐχὶ,Not,IntPrtcl,G3780,Hebrews 1,111,26
λειτουργικὰ,ministering,Adj-NNP,G3010,Hebrews 1,112,26
διακονίαν,service,N-AFS,G1248,Hebrews 1,113,26
ἀποστελλόμενα,being sent forth,V-PPM/P-NNP,G649,Hebrews 1,114,26
μέλλοντας,being about,V-PPA-AMP,G3195,Hebrews 1,115,26
σωτηρίαν,salvation,N-AFS,G4991,Hebrews 1,116,26
δεῖ,it behooves,V-PIA-3S,G1163,Hebrews 2,117,26
περισσοτέρως,more abundantly,Adv,G4057,Hebrews 2,118,26
προσέχειν,to give heed,V-PNA,G4337,Hebrews 2,119,26
ἀκουσθεῖσιν,we have heard,V-APP-DNP,G191,Hebrews 2,120,26
μή,lest,Adv,G3361,Hebrews 2,121,26
ποτε,ever,Conj,G4219,Hebrews 2,122,26
παραρυῶμεν,we should drift away,V-ASA-1P,G3901,Hebrews 2,123,26
εἰ,If,Conj,G1487,Hebrews 2,124,26
λόγος,word,N-NMS,G3056,Hebrews 2,125,26
βέβαιος,unalterable,Adj-NMS,G949,Hebrews 2,126,26
παράβασις,transgression,N-NFS,G3847,Hebrews 2,127,26
παρακοὴ,disobedience,N-NFS,G3876,Hebrews 2,128,26
ἔλαβεν,received,V-AIA-3S,G2983,Hebrews 2,129,26
ἔνδικον,a just,Adj-AFS,G1738,Hebrews 2,130,26
μισθαποδοσίαν,recompense,N-AFS,G3405,Hebrews 2,131,26
πῶς,how,Adv,G4459,Hebrews 2,132,26
ἐκφευξόμεθα,will escape,V-FIM-1P,G1628,Hebrews 2,133,26
τηλικαύτης,such a great,DPro-GFS,G5082,Hebrews 2,134,26
ἀμελήσαντες,having neglected,V-APA-NMP,G272,Hebrews 2,135,26
ἥτις,which,RelPro-NFS,G3748,Hebrews 2,136,26
ὑπὸ,by,Prep,G5259,Hebrews 2,137,26
ἐβεβαιώθη,it was confirmed,V-AIP-3S,G950,Hebrews 2,138,26
συνεπιμαρτυροῦντος,bearing witness,V-PPA-GMS,G4901,Hebrews 2,139,26
σημείοις,by signs,N-DNP,G4592,Hebrews 2,140,26
τέρασιν,wonders,N-DNP,G5059,Hebrews 2,141,26
ποικίλαις,by various,Adj-DFP,G4164,Hebrews 2,142,26
Ἁγίου,Holy,Adj-GNS,G40,Hebrews 2,143,26
μερισμοῖς,distributions,N-DMP,G3311,Hebrews 2,144,26
θέλησιν,will,N-AFS,G2308,Hebrews 2,145,26
ὑπέταξεν,did He subject,V-AIA-3S,G5293,Hebrews 2,146,26
περὶ,of,Prep,G4012,Hebrews 2,147,26
διεμαρτύρατο,Has testified,V-AIM-3S,G1263,Hebrews 2,148,26
πού,somewhere,Adv,G4225,Hebrews 2,149,26
τις,someone,IPro-NMS,G5100,Hebrews 2,150,26
ἄνθρωπος,man,N-NMS,G444,Hebrews 2,151,26
ὅτι,that,Conj,G3754,Hebrews 2,152,26
μιμνῄσκῃ,You are mindful,V-PIM/P-2S,G3403,Hebrews 2,153,26
ἢ,or,Conj,G2228,Hebrews 2,154,26
ἐπισκέπτῃ,You care for,V-PIM/P-2S,G1980,Hebrews 2,155,26
ἠλάττωσας,You made lower,V-AIA-2S,G1642,Hebrews 2,156,26
βραχύ,a little,Adv,G1024,Hebrews 2,157,26
τιμῇ,honor,N-DFS,G5092,Hebrews 2,158,26
ἐστεφάνωσας,You crowned,V-AIA-2S,G4737,Hebrews 2,159,26
κατέστησας,have appointed,V-AIA-2S,G2525,Hebrews 2,160,26
ὑποκάτω,under,Prep,G5270,Hebrews 2,161,26
οὐδὲν,nothing,Adj-ANS,G3762,Hebrews 2,162,26
ἀφῆκεν,He left,V-AIA-3S,G863,Hebrews 2,163,26
ἀνυπότακτον,unsubject,Adj-ANS,G506,Hebrews 2,164,26
νῦν,At present,Adv,G3568,Hebrews 2,165,26
οὔπω,not yet,Adv,G3768,Hebrews 2,166,26
ὁρῶμεν,do we see,V-PIA-1P,G3708,Hebrews 2,167,26
βλέπομεν,we see,V-PIA-1P,G991,Hebrews 2,168,26
Ἰησοῦν,Jesus,N-AMS,G2424,Hebrews 2,169,26
πάθημα,suffering,N-ANS,G3804,Hebrews 2,170,26
θανάτου,of death,N-GMS,G2288,Hebrews 2,171,26
ὅπως,so that,Conj,G3704,Hebrews 2,172,26
χάριτι,by the grace,N-DFS,G5485,Hebrews 2,173,26
ὑπὲρ,for,Prep,G5228,Hebrews 2,174,26
γεύσηται,He might taste,V-ASM-3S,G1089,Hebrews 2,175,26
Ἔπρεπεν,It was fitting,V-IIA-3S,G4241,Hebrews 2,176,26
πολλοὺς,many,Adj-AMP,G4183,Hebrews 2,177,26
ἀγαγόντα,having brought,V-APA-AMS,G71,Hebrews 2,178,26
ἀρχηγὸν,archetype,N-AMS,G747,Hebrews 2,179,26
τελειῶσαι,to make perfect,V-ANA,G5048,Hebrews 2,180,26
ἁγιάζων,sanctifying,V-PPA-NMS,G37,Hebrews 2,181,26
ἑνὸς,one,Adj-GMS,G1520,Hebrews 2,182,26
αἰτίαν,reason,N-AFS,G156,Hebrews 2,183,26
ἐπαισχύνεται,He is ashamed,V-PIM/P-3S,G1870,Hebrews 2,184,26
ἀδελφοὺς,brothers,N-AMP,G80,Hebrews 2,185,26
καλεῖν,to call,V-PNA,G2564,Hebrews 2,186,26
Ἀπαγγελῶ,I will declare,V-FIA-1S,G518,Hebrews 2,187,26
μέσῳ,the midst,Adj-DNS,G3319,Hebrews 2,188,26
ἐκκλησίας,of the congregation,N-GFS,G1577,Hebrews 2,189,26
ὑμνήσω,I will sing praises,V-FIA-1S,G5214,Hebrews 2,190,26
πεποιθὼς,trusting,V-RPA-NMS,G3982,Hebrews 2,191,26
Ἰδοὺ,Behold,V-AMA-2S,G2400,Hebrews 2,192,26
παιδία,children,N-NNP,G3813,Hebrews 2,193,26
ἔδωκεν,has given,V-AIA-3S,G1325,Hebrews 2,194,26
Ἐπεὶ,Since,Conj,G1893,Hebrews 2,195,26
οὖν,therefore,Conj,G3767,Hebrews 2,196,26
κεκοινώνηκεν,have partaken,V-RIA-3S,G2841,Hebrews 2,197,26
αἵματος,of blood,N-GNS,G129,Hebrews 2,198,26
σαρκός,of flesh,N-GFS,G4561,Hebrews 2,199,26
παραπλησίως,likewise,Adv,G3898,Hebrews 2,200,26
μετέσχεν,took part in,V-AIA-3S,G3348,Hebrews 2,201,26
ἵνα,so that,Conj,G2443,Hebrews 2,202,26
καταργήσῃ,He might destroy,V-ASA-3S,G2673,Hebrews 2,203,26
κράτος,power,N-ANS,G2904,Hebrews 2,204,26
ἔχοντα,holding,V-PPA-AMS,G2192,Hebrews 2,205,26
διάβολον,devil,Adj-AMS,G1228,Hebrews 2,206,26
ἀπαλλάξῃ,might set free,V-ASA-3S,G525,Hebrews 2,207,26
φόβῳ,fear,N-DMS,G5401,Hebrews 2,208,26
ζῆν,to live,V-PNA,G2198,Hebrews 2,209,26
ἔνοχοι,subject,Adj-NMP,G1777,Hebrews 2,210,26
δουλείας,to slavery,N-GFS,G1397,Hebrews 2,211,26
δή,surely,Prtcl,G1211,Hebrews 2,212,26
που,in that place,Adv,G4226,Hebrews 2,213,26
ἐπιλαμβάνεται,He helps,V-PIM/P-3S,G1949,Hebrews 2,214,26
ἀλλὰ,but,Conj,G235,Hebrews 2,215,26
σπέρματος,the seed,N-GNS,G4690,Hebrews 2,216,26
Ἀβραὰμ,of Abraham,N-GMS,G11,Hebrews 2,217,26
ὅθεν,Therefore,Conj,G3606,Hebrews 2,218,26
ὤφειλεν,it behooved Him,V-IIA-3S,G3784,Hebrews 2,219,26
ὁμοιωθῆναι,to be made like,V-ANP,G3666,Hebrews 2,220,26
ἐλεήμων,a merciful,Adj-NMS,G1655,Hebrews 2,221,26
πιστὸς,faithful,Adj-NMS,G4103,Hebrews 2,222,26
ἀρχιερεὺς,high priest,N-NMS,G749,Hebrews 2,223,26
ἱλάσκεσθαι,to make propitiation for,V-PNM/P,G2433,Hebrews 2,224,26
λαοῦ,people,N-GMS,G2992,Hebrews 2,225,26
πέπονθεν,has suffered,V-RIA-3S,G3958,Hebrews 2,226,26
πειρασθείς,having been tempted,V-APP-NMS,G3985,Hebrews 2,227,26
δύναται,He is able,V-PIM/P-3S,G1410,Hebrews 2,228,26
βοηθῆσαι,to help,V-ANA,G997,Hebrews 2,229,26
κλήσεως,of the calling,N-GFS,G2821,Hebrews 3,230,26
ἐπουρανίου,heavenly,Adj-GFS,G2032,Hebrews 3,231,26
κατανοήσατε,carefully consider,V-AMA-2P,G2657,Hebrews 3,232,26
Ἀπόστολον,apostle,N-AMS,G652,Hebrews 3,233,26
ὁμολογίας,confession,N-GFS,G3671,Hebrews 3,234,26
Μωϋσῆς,Moses,N-NMS,G3475,Hebrews 3,235,26
ὅλῳ,all,Adj-DMS,G3650,Hebrews 3,236,26
οἴκῳ,house,N-DMS,G3624,Hebrews 3,237,26
Πλείονος,Of greater,Adj-GFS-C,G4119,Hebrews 3,238,26
ἠξίωται,has been counted worthy,V-RIM/P-3S,G515,Hebrews 3,239,26
κατασκευάσας,having built,V-APA-NMS,G2680,Hebrews 3,240,26
θεράπων,a servant,N-NMS,G2324,Hebrews 3,241,26
μαρτύριον,a testimony,N-ANS,G3142,Hebrews 3,242,26
Χριστὸς,Christ,N-NMS,G5547,Hebrews 3,243,26
ἐὰν,if indeed,Conj,G1437,Hebrews 3,244,26
παρρησίαν,confidence,N-AFS,G3954,Hebrews 3,245,26
καύχημα,boast,N-ANS,G2745,Hebrews 3,246,26
ἐλπίδος,hope,N-GFS,G1680,Hebrews 3,247,26
μέχρι,unto,Prep,G3360,Hebrews 3,248,26
τέλους,the end,N-GNS,G5056,Hebrews 3,249,26
κατάσχωμεν,we should hold,V-ASA-1P,G2722,Hebrews 3,250,26
Διό,Therefore,Conj,G1352,Hebrews 3,251,26
καθὼς,just as,Adv,G2531,Hebrews 3,252,26
φωνῆς,voice,N-GFS,G5456,Hebrews 3,253,26
σκληρύνητε,harden,V-ASA-2P,G4645,Hebrews 3,254,26
καρδίας,hearts,N-AFP,G2588,Hebrews 3,255,26
παραπικρασμῷ,rebellion,N-DMS,G3894,Hebrews 3,256,26
πειρασμοῦ,of testing,N-GMS,G3986,Hebrews 3,257,26
ἐρήμῳ,wilderness,Adj-DFS,G2048,Hebrews 3,258,26
οὗ,where,Adv,G3757,Hebrews 3,259,26
δοκιμασίᾳ,testing,N-DFS,G1382,Hebrews 3,260,26
τεσσεράκοντα,forty,Adj-ANP,G5062,Hebrews 3,261,26
προσώχθισα,I was angry,V-AIA-1S,G4360,Hebrews 3,262,26
γενεᾷ,generation,N-DFS,G1074,Hebrews 3,263,26
Ἀεὶ,Always,Adv,G104,Hebrews 3,264,26
πλανῶνται,they go astray,V-PIM/P-3P,G4105,Hebrews 3,265,26
ἔγνωσαν,have they known,V-AIA-3P,G1097,Hebrews 3,266,26
ὁδούς,ways,N-AFP,G3598,Hebrews 3,267,26
ὤμοσα,I swore,V-AIA-1S,G3660,Hebrews 3,268,26
ὀργῇ,wrath,N-DFS,G3709,Hebrews 3,269,26
εἰσελεύσονται,shall they enter,V-FIM-3P,G1525,Hebrews 3,270,26
κατάπαυσίν,rest,N-AFS,G2663,Hebrews 3,271,26
πονηρὰ,evil,Adj-NFS,G4190,Hebrews 3,272,26
ἀπιστίας,of unbelief,N-GFS,G570,Hebrews 3,273,26
ἀποστῆναι,falling away,V-ANA,G868,Hebrews 3,274,26
ἀπὸ,from,Prep,G575,Hebrews 3,275,26
παρακαλεῖτε,encourage,V-PMA-2P,G3870,Hebrews 3,276,26
ἑαυτοὺς,other,RefPro-AM3P,G1438,Hebrews 3,277,26
ἑκάστην,every,Adj-AFS,G1538,Hebrews 3,278,26
ἄχρις,while,Prep,G891,Hebrews 3,279,26
ἀπάτῃ,by the deceitfulness,N-DFS,G539,Hebrews 3,280,26
παρεπίκραναν,rebelled,V-AIA-3P,G3893,Hebrews 3,281,26
ἐξελθόντες,having come,V-APA-NMP,G1831,Hebrews 3,282,26
Αἰγύπτου,Egypt,N-GFS,G125,Hebrews 3,283,26
ἁμαρτήσασιν,having sinned,V-APA-DMP,G264,Hebrews 3,284,26
κῶλα,bodies,N-NNP,G2966,Hebrews 3,285,26
ἔπεσεν,fell,V-AIA-3S,G4098,Hebrews 3,286,26
ἀπειθήσασιν,having disobeyed,V-APA-DMP,G544,Hebrews 3,287,26
Φοβηθῶμεν,We should fear,V-ASP-1P,G5399,Hebrews 4,288,26
καταλειπομένης,left remaining,V-PPM/P-GFS,G2641,Hebrews 4,289,26
ἐπαγγελίας,of the promise,N-GFS,G1860,Hebrews 4,290,26
δοκῇ,should seem,V-PSA-3S,G1380,Hebrews 4,291,26
ὑστερηκέναι,to have fallen short,V-RNA,G5302,Hebrews 4,292,26
εὐηγγελισμένοι,having had the gospel preached,V-RPM/P-NMP,G2097,Hebrews 4,293,26
καθάπερ,just as,Adv,G2509,Hebrews 4,294,26
κἀκεῖνοι,they did,DPro-NMP,G2548,Hebrews 4,295,26
ὠφέλησεν,did profit,V-AIA-3S,G5623,Hebrews 4,296,26
ἀκοῆς,hearing,N-GFS,G189,Hebrews 4,297,26
ἐκείνους,them,DPro-AMP,G1565,Hebrews 4,298,26
συγκεκερασμένους,having been united with,V-RPM/P-AMP,G4786,Hebrews 4,299,26
πίστει,faith,N-DFS,G4102,Hebrews 4,300,26
πιστεύσαντες,having believed,V-APA-NMP,G4100,Hebrews 4,301,26
Καίτοι,And yet,Conj,G2543,Hebrews 4,302,26
καταβολῆς,the foundation,N-GFS,G2602,Hebrews 4,303,26
κόσμου,of the world,N-GMS,G2889,Hebrews 4,304,26
ἑβδόμης,seventh day,Adj-GFS,G1442,Hebrews 4,305,26
οὕτως,in this way,Adv,G3779,Hebrews 4,306,26
κατέπαυσεν,rested,V-AIA-3S,G2664,Hebrews 4,307,26
ἀπολείπεται,it remains for,V-PIM/P-3S,G620,Hebrews 4,308,26
πρότερον,formerly,Adv-C,G4386,Hebrews 4,309,26
ἀπείθειαν,disobedience,N-AFS,G543,Hebrews 4,310,26
ὁρίζει,He appoints,V-PIA-3S,G3724,Hebrews 4,311,26
Δαυὶδ,David,N-DMS,G1138,Hebrews 4,312,26
μετὰ,after,Prep,G3326,Hebrews 4,313,26
χρόνον,a time,N-AMS,G5550,Hebrews 4,314,26
προείρηται,it has been said,V-RIM/P-3S,G4302,Hebrews 4,315,26
ἄλλης,another,Adj-GFS,G243,Hebrews 4,316,26
ἄρα,So then,Conj,G686,Hebrews 4,317,26
σαββατισμὸς,a Sabbath rest,N-NMS,G4520,Hebrews 4,318,26
ὥσπερ,as,Adv,G5618,Hebrews 4,319,26
ἰδίων,own,Adj-GNP,G2398,Hebrews 4,320,26
Σπουδάσωμεν,We should be diligent,V-ASA-1P,G4704,Hebrews 4,321,26
ὑποδείγματι,example,N-DNS,G5262,Hebrews 4,322,26
ἐνεργὴς,active,Adj-NMS,G1756,Hebrews 4,323,26
τομώτερος,sharper,Adj-NMS-C,G5114,Hebrews 4,324,26
μάχαιραν,sword,N-AFS,G3162,Hebrews 4,325,26
δίστομον,two-edged,Adj-AFS,G1366,Hebrews 4,326,26
διϊκνούμενος,penetrating,V-PPM/P-NMS,G1338,Hebrews 4,327,26
ψυχῆς,of soul,N-GFS,G5590,Hebrews 4,328,26
ἁρμῶν,of joints,N-GMP,G719,Hebrews 4,329,26
μυελῶν,marrows,N-GMP,G3452,Hebrews 4,330,26
κριτικὸς,able to judge,Adj-NMS,G2924,Hebrews 4,331,26
ἐνθυμήσεων,the thoughts,N-GFP,G1761,Hebrews 4,332,26
ἐννοιῶν,intentions,N-GFP,G1771,Hebrews 4,333,26
κτίσις,creature,N-NFS,G2937,Hebrews 4,334,26
ἀφανὴς,hidden,Adj-NFS,G852,Hebrews 4,335,26
ἐνώπιον,before,Prep,G1799,Hebrews 4,336,26
γυμνὰ,are uncovered,Adj-NNP,G1131,Hebrews 4,337,26
τετραχηλισμένα,laid bare,V-RPM/P-NNP,G5136,Hebrews 4,338,26
ὀφθαλμοῖς,eyes,N-DMP,G3788,Hebrews 4,339,26
μέγαν,great,Adj-AMS,G3173,Hebrews 4,340,26
διεληλυθότα,having passed through,V-RPA-AMS,G1330,Hebrews 4,341,26
κρατῶμεν,we should hold firmly,V-PSA-1P,G2902,Hebrews 4,342,26
συμπαθῆσαι,to sympathize,V-ANA,G4834,Hebrews 4,343,26
ἀσθενείαις,weaknesses,N-DFP,G769,Hebrews 4,344,26
ὁμοιότητα,the same way,N-AFS,G3665,Hebrews 4,345,26
χωρὶς,without,Prep,G5565,Hebrews 4,346,26
προσερχώμεθα,We should come,V-PSM/P-1P,G4334,Hebrews 4,347,26
ἔλεος,mercy,N-ANS,G1656,Hebrews 4,348,26
εὕρωμεν,may find,V-ASA-1P,G2147,Hebrews 4,349,26
εὔκαιρον,in time of need,Adj-AFS,G2121,Hebrews 4,350,26
βοήθειαν,help,N-AFS,G996,Hebrews 4,351,26
προσφέρῃ,he should offer,V-PSA-3S,G4374,Hebrews 5,352,26
δῶρά,gifts,N-ANP,G1435,Hebrews 5,353,26
θυσίας,sacrifices,N-AFP,G2378,Hebrews 5,354,26
μετριοπαθεῖν,to exercise forbearance,V-PNA,G3356,Hebrews 5,355,26
ἀγνοοῦσιν,being ignorant,V-PPA-DMP,G50,Hebrews 5,356,26
περίκειται,is encompassed by,V-PIM/P-3S,G4029,Hebrews 5,357,26
Ἀαρών,Aaron,N-NMS,G2,Hebrews 5,358,26
ἐδόξασεν,did glorify,V-AIA-3S,G1392,Hebrews 5,359,26
ἑτέρῳ,another place,Adj-DMS,G2087,Hebrews 5,360,26
ἱερεὺς,a priest,N-NMS,G2409,Hebrews 5,361,26
τάξιν,order,N-AFS,G5010,Hebrews 5,362,26
Μελχισέδεκ,of Melchizedek,N-GMS,G3198,Hebrews 5,363,26
δεήσεις,prayers,N-AFP,G1162,Hebrews 5,364,26
ἱκετηρίας,supplications,N-AFP,G2428,Hebrews 5,365,26
σῴζειν,to save,V-PNA,G4982,Hebrews 5,366,26
κραυγῆς,crying,N-GFS,G2906,Hebrews 5,367,26
ἰσχυρᾶς,loud,Adj-GFS,G2478,Hebrews 5,368,26
δακρύων,tears,N-GNP,G1144,Hebrews 5,369,26
εἰσακουσθεὶς,having been heard,V-APP-NMS,G1522,Hebrews 5,370,26
εὐλαβείας,reverence,N-GFS,G2124,Hebrews 5,371,26
καίπερ,though,Conj,G2539,Hebrews 5,372,26
ἔμαθεν,He learned,V-AIA-3S,G3129,Hebrews 5,373,26
ὑπακοήν,obedience,N-AFS,G5218,Hebrews 5,374,26
ὑπακούουσιν,obeying,V-PPA-DMP,G5219,Hebrews 5,375,26
αἴτιος,the author,Adj-NMS,G159,Hebrews 5,376,26
αἰωνίου,eternal,Adj-GFS,G166,Hebrews 5,377,26
προσαγορευθεὶς,having been designated,V-APP-NMS,G4316,Hebrews 5,378,26
δυσερμήνευτος,difficult in interpretation,Adj-NMS,G1421,Hebrews 5,379,26
νωθροὶ,sluggish,Adj-NMP,G3576,Hebrews 5,380,26
διδάσκαλοι,teachers,N-NMP,G1320,Hebrews 5,381,26
χρείαν,need of,N-AFS,G5532,Hebrews 5,382,26
διδάσκειν,to teach,V-PNA,G1321,Hebrews 5,383,26
στοιχεῖα,principles,N-ANP,G4747,Hebrews 5,384,26
λογίων,oracles,N-GNP,G3051,Hebrews 5,385,26
γάλακτος,of milk,N-GNS,G1051,Hebrews 5,386,26
στερεᾶς,of solid,Adj-GFS,G4731,Hebrews 5,387,26
τροφῆς,food,N-GFS,G5160,Hebrews 5,388,26
ἄπειρος,is inexperienced,Adj-NMS,G552,Hebrews 5,389,26
νήπιος,an infant,Adj-NMS,G3516,Hebrews 5,390,26
τελείων,for the mature,Adj-GMP,G5046,Hebrews 5,391,26
ἕξιν,constant use,N-AFS,G1838,Hebrews 5,392,26
αἰσθητήρια,senses,N-ANP,G145,Hebrews 5,393,26
γεγυμνασμένα,training,V-RPM/P-ANP,G1128,Hebrews 5,394,26
διάκρισιν,distinguishing,N-AFS,G1253,Hebrews 5,395,26
καλοῦ,good,Adj-GNS,G2570,Hebrews 5,396,26
κακοῦ,evil,Adj-GNS,G2556,Hebrews 5,397,26
τελειότητα,maturity,N-AFS,G5047,Hebrews 6,398,26
θεμέλιον,a foundation,N-AMS,G2310,Hebrews 6,399,26
καταβαλλόμενοι,laying,V-PPM-NMP,G2598,Hebrews 6,400,26
μετανοίας,of repentance,N-GFS,G3341,Hebrews 6,401,26
νεκρῶν,dead,Adj-GNP,G3498,Hebrews 6,402,26
βαπτισμῶν,about baptisms,N-GMP,G909,Hebrews 6,403,26
διδαχὴν,instruction,N-AFS,G1322,Hebrews 6,404,26
ἐπιθέσεώς,of laying on,N-GFS,G1936,Hebrews 6,405,26
ἀναστάσεώς,of the resurrection,N-GFS,G386,Hebrews 6,406,26
κρίματος,of judgment,N-GNS,G2917,Hebrews 6,407,26
ἐπιτρέπῃ,permits,V-PSA-3S,G2010,Hebrews 6,408,26
Ἀδύνατον,It is impossible,Adj-NNS,G102,Hebrews 6,409,26
ἅπαξ,once,Adv,G530,Hebrews 6,410,26
φωτισθέντας,having been enlightened,V-APP-AMP,G5461,Hebrews 6,411,26
δωρεᾶς,gift,N-GFS,G1431,Hebrews 6,412,26
παραπεσόντας,having fallen away,V-APA-AMP,G3895,Hebrews 6,413,26
ἀνακαινίζειν,to restore them,V-PNA,G340,Hebrews 6,414,26
ἀνασταυροῦντας,crucifying,V-PPA-AMP,G388,Hebrews 6,415,26
παραδειγματίζοντας,subjecting Him to open shame,V-PPA-AMP,G3856,Hebrews 6,416,26
πιοῦσα,having drunk in,V-APA-NFS,G4095,Hebrews 6,417,26
ἐρχόμενον,coming,V-PPM/P-AMS,G2064,Hebrews 6,418,26
πολλάκις,often,Adv,G4178,Hebrews 6,419,26
ὑετόν,rain,N-AMS,G5205,Hebrews 6,420,26
τίκτουσα,producing,V-PPA-NFS,G5088,Hebrews 6,421,26
βοτάνην,vegetation,N-AFS,G1008,Hebrews 6,422,26
εὔθετον,useful,Adj-AFS,G2111,Hebrews 6,423,26
γεωργεῖται,it is tilled,V-PIM/P-3S,G1090,Hebrews 6,424,26
μεταλαμβάνει,partakes,V-PIA-3S,G3335,Hebrews 6,425,26
εὐλογίας,of blessing,N-GFS,G2129,Hebrews 6,426,26
ἐκφέρουσα,That bringing forth,V-PPA-NFS,G1627,Hebrews 6,427,26
ἀκάνθας,thorns,N-AFP,G173,Hebrews 6,428,26
τριβόλους,thistles,N-AMP,G5146,Hebrews 6,429,26
ἀδόκιμος,is worthless,Adj-NFS,G96,Hebrews 6,430,26
κατάρας,a curse,N-GFS,G2671,Hebrews 6,431,26
ἐγγύς,near to,Prep,G1451,Hebrews 6,432,26
καῦσιν,burning,N-AFS,G2740,Hebrews 6,433,26
ἀγαπητοί,beloved,Adj-VMP,G27,Hebrews 6,434,26
κρείσσονα,better things,Adj-ANP-C,G2908,Hebrews 6,435,26
ἄδικος,unjust is,Adj-NMS,G94,Hebrews 6,436,26
ἐπιλαθέσθαι,to forget,V-ANM,G1950,Hebrews 6,437,26
ἀγάπης,love,N-GFS,G26,Hebrews 6,438,26
ἐνεδείξασθε,you have shown,V-AIM-2P,G1731,Hebrews 6,439,26
διακονήσαντες,having ministered,V-APA-NMP,G1247,Hebrews 6,440,26
Ἐπιθυμοῦμεν,We desire,V-PIA-1P,G1937,Hebrews 6,441,26
σπουδὴν,earnestness,N-AFS,G4710,Hebrews 6,442,26
πληροφορίαν,full assurance,N-AFS,G4136,Hebrews 6,443,26
μιμηταὶ,imitators,N-NMP,G3402,Hebrews 6,444,26
μακροθυμίας,patience,N-GFS,G3115,Hebrews 6,445,26
ἐπαγγειλάμενος,having made His promise,V-APM-NMS,G1861,Hebrews 6,446,26
μὴν,surely,Prtcl,G3375,Hebrews 6,447,26
εὐλογῶν,blessing,V-PPA-NMS,G2127,Hebrews 6,448,26
πληθύνων,multiplying,V-PPA-NMS,G4129,Hebrews 6,449,26
μακροθυμήσας,having waited patiently,V-APA-NMS,G3114,Hebrews 6,450,26
ἐπέτυχεν,he obtained,V-AIA-3S,G2013,Hebrews 6,451,26
ἀντιλογίας,disputes,N-GFS,G485,Hebrews 6,452,26
πέρας,an end,N-NNS,G4009,Hebrews 6,453,26
βεβαίωσιν,confirmation,N-AFS,G951,Hebrews 6,454,26
ὅρκος,oath,N-NMS,G3727,Hebrews 6,455,26
περισσότερον,more abundantly,Adj-ANS-C,G4053,Hebrews 6,456,26
βουλόμενος,desiring,V-PPM/P-NMS,G1014,Hebrews 6,457,26
ἐπιδεῖξαι,to show,V-ANA,G1925,Hebrews 6,458,26
ἀμετάθετον,unchangeableness,Adj-ANS,G276,Hebrews 6,459,26
βουλῆς,purpose,N-GFS,G1012,Hebrews 6,460,26
ἐμεσίτευσεν,guaranteed it,V-AIA-3S,G3315,Hebrews 6,461,26
δύο,two,Adj-GNP,G1417,Hebrews 6,462,26
πραγμάτων,things,N-GNP,G4229,Hebrews 6,463,26
ψεύσασθαι,to lie,V-ANM,G5574,Hebrews 6,464,26
παράκλησιν,encouragement,N-AFS,G3874,Hebrews 6,465,26
καταφυγόντες,having fled for refuge,V-APA-NMP,G2703,Hebrews 6,466,26
προκειμένης,being set before us,V-PPM/P-GFS,G4295,Hebrews 6,467,26
ἄγκυραν,an anchor,N-AFS,G45,Hebrews 6,468,26
ἀσφαλῆ,sure,Adj-AFS,G804,Hebrews 6,469,26
ἐσώτερον,within,Adj-ANS-C,G2082,Hebrews 6,470,26
καταπετάσματος,veil,N-GNS,G2665,Hebrews 6,471,26
ὅπου,where,Adv,G3699,Hebrews 6,472,26
πρόδρομος,the forerunner,Adj-NMS,G4274,Hebrews 6,473,26
βασιλεὺς,king,N-NMS,G935,Hebrews 7,474,26
Σαλήμ,of Salem,N-GFS,G4532,Hebrews 7,475,26
Ὑψίστου,Most High,Adj-GMS-S,G5310,Hebrews 7,476,26
συναντήσας,having met,V-APA-NMS,G4876,Hebrews 7,477,26
ὑποστρέφοντι,returning,V-PPA-DMS,G5290,Hebrews 7,478,26
κοπῆς,slaughter,N-GFS,G2871,Hebrews 7,479,26
δεκάτην,a tenth,Adj-AFS,G1181,Hebrews 7,480,26
ἐμέρισεν,apportioned,V-AIA-3S,G3307,Hebrews 7,481,26
πρῶτον,first,Adv-S,G4412,Hebrews 7,482,26
ἑρμηνευόμενος,being translated,V-PPM/P-NMS,G2059,Hebrews 7,483,26
ἔπειτα,then,Adv,G1899,Hebrews 7,484,26
εἰρήνης,of peace,N-GFS,G1515,Hebrews 7,485,26
ἀπάτωρ,Without father,Adj-NMS,G540,Hebrews 7,486,26
ἀμήτωρ,without mother,Adj-NMS,G282,Hebrews 7,487,26
ἀγενεαλόγητος,without genealogy,Adj-NMS,G35,Hebrews 7,488,26
μήτε,neither,Conj,G3383,Hebrews 7,489,26
ζωῆς,of life,N-GFS,G2222,Hebrews 7,490,26
ἀφωμοιωμένος,having been made like,V-RPM/P-NMS,G871,Hebrews 7,491,26
μένει,he remains,V-PIA-3S,G3306,Hebrews 7,492,26
διηνεκές,all time,Adj-ANS,G1336,Hebrews 7,493,26
Θεωρεῖτε,Consider,V-PMA-2P,G2334,Hebrews 7,494,26
πηλίκος,how great,Adj-NMS,G4080,Hebrews 7,495,26
ἀκροθινίων,best spoils,N-GNP,G205,Hebrews 7,496,26
πατριάρχης,patriarch,N-NMS,G3966,Hebrews 7,497,26
Λευὶ,of Levi,N-GMS,G3017,Hebrews 7,498,26
ἱερατείαν,priestly office,N-AFS,G2405,Hebrews 7,499,26
ἐντολὴν,a commandment,N-AFS,G1785,Hebrews 7,500,26
ἀποδεκατοῦν,to take a tenth,V-PNA,G586,Hebrews 7,501,26
νόμον,law,N-AMS,G3551,Hebrews 7,502,26
ὀσφύος,loin,N-GFS,G3751,Hebrews 7,503,26
γενεαλογούμενος,tracing his ancestry,V-PPM/P-NMS,G1075,Hebrews 7,504,26
δεδεκάτωκεν,has collected a tenth,V-RIA-3S,G1183,Hebrews 7,505,26
ἔλαττον,inferior,Adj-NNS-C,G1640,Hebrews 7,506,26
ὧδε,here,Adv,G5602,Hebrews 7,507,26
ἀποθνῄσκοντες,dying,V-PPA-NMP,G599,Hebrews 7,508,26
ἐκεῖ,in that place,Adv,G1563,Hebrews 7,509,26
μαρτυρούμενος,it is testified,V-PPM/P-NMS,G3140,Hebrews 7,510,26
ἔπος,a word,N-ANS,G2031,Hebrews 7,511,26
ἔτι,Still,Adv,G2089,Hebrews 7,512,26
ὅτε,when,Adv,G3753,Hebrews 7,513,26
τελείωσις,perfection,N-NFS,G5050,Hebrews 7,514,26
Λευιτικῆς,Levitical,Adj-GFS,G3020,Hebrews 7,515,26
ἱερωσύνης,priesthood,N-GFS,G2420,Hebrews 7,516,26
νενομοθέτηται,had received the Law,V-RIM/P-3S,G3549,Hebrews 7,517,26
ἀνίστασθαι,to arise,V-PNM,G450,Hebrews 7,518,26
μετατιθεμένης,Being changed,V-PPM/P-GFS,G3346,Hebrews 7,519,26
ἀνάγκης,necessity,N-GFS,G318,Hebrews 7,520,26
μετάθεσις,a change,N-NFS,G3331,Hebrews 7,521,26
φυλῆς,a tribe,N-GFS,G5443,Hebrews 7,522,26
θυσιαστηρίῳ,altar,N-DNS,G2379,Hebrews 7,523,26
πρόδηλον,It is evident,Adj-NNS,G4271,Hebrews 7,524,26
Ἰούδα,Judah,N-GMS,G2448,Hebrews 7,525,26
ἀνατέταλκεν,has sprung,V-RIA-3S,G393,Hebrews 7,526,26
κατάδηλόν,evident,Adj-NNS,G2612,Hebrews 7,527,26
σαρκίνης,fleshly,Adj-GFS,G4560,Hebrews 7,528,26
ἀκαταλύτου,indestructible,Adj-GFS,G179,Hebrews 7,529,26
Ἀθέτησις,A putting away,N-NFS,G115,Hebrews 7,530,26
προαγούσης,of the preceding,V-PPA-GFS,G4254,Hebrews 7,531,26
ἀσθενὲς,weakness,Adj-ANS,G772,Hebrews 7,532,26
ἀνωφελές,uselessness,Adj-ANS,G512,Hebrews 7,533,26
ἐπεισαγωγὴ,the introduction,N-NFS,G1898,Hebrews 7,534,26
ἐγγίζομεν,we draw near,V-PIA-1P,G1448,Hebrews 7,535,26
ὁρκωμοσίας,an oath,N-GFS,G3728,Hebrews 7,536,26
μεταμεληθήσεται,will change His mind,V-FIP-3S,G3338,Hebrews 7,537,26
διαθήκης,covenant,N-GFS,G1242,Hebrews 7,538,26
ἔγγυος,the guarantee,Adj-NMS,G1450,Hebrews 7,539,26
κωλύεσθαι,being prevented from,V-PNM/P,G2967,Hebrews 7,540,26
παραμένειν,continuing,V-PNA,G3887,Hebrews 7,541,26
ἀπαράβατον,a permanent,Adj-AFS,G531,Hebrews 7,542,26
παντελὲς,uttermost,Adj-ANS,G3838,Hebrews 7,543,26
πάντοτε,always,Adv,G3842,Hebrews 7,544,26
ἐντυγχάνειν,to intercede,V-PNA,G1793,Hebrews 7,545,26
Τοιοῦτος,Such,DPro-NMS,G5108,Hebrews 7,546,26
ὅσιος,holy,Adj-NMS,G3741,Hebrews 7,547,26
ἄκακος,innocent,Adj-NMS,G172,Hebrews 7,548,26
ἀμίαντος,undefiled,Adj-NMS,G283,Hebrews 7,549,26
κεχωρισμένος,having been separated,V-RPM/P-NMS,G5563,Hebrews 7,550,26
ἁμαρτωλῶν,sinners,Adj-GMP,G268,Hebrews 7,551,26
ἀναφέρειν,to offer up,V-PNA,G399,Hebrews 7,552,26
ἐφάπαξ,once for all,Adv,G2178,Hebrews 7,553,26
Κεφάλαιον,The sum,N-NNS,G2774,Hebrews 8,554,26
σκηνῆς,tabernacle,N-GFS,G4633,Hebrews 8,555,26
ἀληθινῆς,TRUE,Adj-GFS,G228,Hebrews 8,556,26
ἔπηξεν,has pitched,V-AIA-3S,G4078,Hebrews 8,557,26
ἀναγκαῖον,necessary,Adj-NNS,G316,Hebrews 8,558,26
οὐδ,not even,Adv,G3761,Hebrews 8,559,26
σκιᾷ,shadow,N-DFS,G4639,Hebrews 8,560,26
λατρεύουσιν,serve,V-PIA-3P,G3000,Hebrews 8,561,26
κεχρημάτισται,was divinely instructed,V-RIM/P-3S,G5537,Hebrews 8,562,26
ἐπιτελεῖν,to complete,V-PNA,G2005,Hebrews 8,563,26
φησίν,He says,V-PIA-3S,G5346,Hebrews 8,564,26
τύπον,pattern,N-AMS,G5179,Hebrews 8,565,26
δειχθέντα,having been shown,V-APP-AMS,G1166,Hebrews 8,566,26
ὄρει,mountain,N-DNS,G3735,Hebrews 8,567,26
Νυνὶ,Now,Adv,G3570,Hebrews 8,568,26
τέτυχεν,He has obtained,V-RIA-3S,G5177,Hebrews 8,569,26
λειτουργίας,a ministry,N-GFS,G3009,Hebrews 8,570,26
μεσίτης,the mediator,N-NMS,G3316,Hebrews 8,571,26
πρώτη,first,Adj-NFS,G4413,Hebrews 8,572,26
ἄμεμπτος,faultless,Adj-NFS,G273,Hebrews 8,573,26
δευτέρας,for a second,Adj-GFS,G1208,Hebrews 8,574,26
ἐζητεῖτο,would have been sought,V-IIM/P-3S,G2212,Hebrews 8,575,26
τόπος,a place,N-NMS,G5117,Hebrews 8,576,26
μεμφόμενος,Finding fault,V-PPM/P-NMS,G3201,Hebrews 8,577,26
συντελέσω,I will ratify,V-FIA-1S,G4931,Hebrews 8,578,26
Ἰσραὴλ,of Israel,N-GMS,G2474,Hebrews 8,579,26
καινήν,new,Adj-AFS,G2537,Hebrews 8,580,26
ἐξαγαγεῖν,to lead,V-ANA,G1806,Hebrews 8,581,26
ἐνέμειναν,did continue,V-AIA-3P,G1696,Hebrews 8,582,26
κἀγὼ,and I,PPro-N1S,G2504,Hebrews 8,583,26
διαθήσομαι,I will make,V-FIM-1S,G1303,Hebrews 8,584,26
διάνοιαν,mind,N-AFS,G1271,Hebrews 8,585,26
ἐπιγράψω,I will inscribe,V-FIA-1S,G1924,Hebrews 8,586,26
πολίτην,neighbor,N-AMS,G4177,Hebrews 8,587,26
εἰδήσουσίν,will know,V-FIA-3P,G1492,Hebrews 8,588,26
μικροῦ,the least,Adj-GMS,G3398,Hebrews 8,589,26
ἵλεως,merciful,Adj-NMS,G2436,Hebrews 8,590,26
ἀδικίαις,iniquities,N-DFP,G93,Hebrews 8,591,26
γηράσκον,aging,V-PPA-NNS,G1095,Hebrews 8,592,26
ἀφανισμοῦ,vanishing,N-GMS,G854,Hebrews 8,593,26
δικαιώματα,regulations,N-ANP,G1345,Hebrews 9,594,26
λατρείας,of worship,N-GFS,G2999,Hebrews 9,595,26
κοσμικόν,earthly,Adj-ANS,G2886,Hebrews 9,596,26
λυχνία,the lampstand,N-NFS,G3087,Hebrews 9,597,26
τράπεζα,table,N-NFS,G5132,Hebrews 9,598,26
πρόθεσις,presentation,N-NFS,G4286,Hebrews 9,599,26
ἄρτων,bread,N-GMP,G740,Hebrews 9,600,26
χρυσοῦν,the golden,Adj-ANS,G5552,Hebrews 9,601,26
θυμιατήριον,altar of incense,N-ANS,G2369,Hebrews 9,602,26
κιβωτὸν,ark,N-AFS,G2787,Hebrews 9,603,26
περικεκαλυμμένην,having been covered around,V-RPM/P-AFS,G4028,Hebrews 9,604,26
πάντοθεν,in every part,Adv,G3840,Hebrews 9,605,26
χρυσίῳ,with gold,N-DNS,G5553,Hebrews 9,606,26
στάμνος,was the jar,N-NFS,G4713,Hebrews 9,607,26
μάννα,manna,N-ANS,G3131,Hebrews 9,608,26
βλαστήσασα,having budded,V-APA-NFS,G985,Hebrews 9,609,26
πλάκες,tablets,N-NFP,G4109,Hebrews 9,610,26
ὑπεράνω,Above,Prep,G5231,Hebrews 9,611,26
Χερουβὶν,were the cherubim,N-NNP,G5502,Hebrews 9,612,26
κατασκιάζοντα,overshadowing,V-PPA-NNP,G2683,Hebrews 9,613,26
ἱλαστήριον,mercy seat,N-ANS,G2435,Hebrews 9,614,26
μέρος,detail,N-ANS,G3313,Hebrews 9,615,26
εἰσίασιν,enter,V-PIA-3P,G1524,Hebrews 9,616,26
ἐνιαυτοῦ,year,N-GMS,G1763,Hebrews 9,617,26
μόνος,only,Adj-NMS,G3441,Hebrews 9,618,26
ἀγνοημάτων,sins of ignorance,N-GNP,G51,Hebrews 9,619,26
δηλοῦντος,was signifying,V-PPA-GNS,G1213,Hebrews 9,620,26
μήπω,that not yet,Adv,G3380,Hebrews 9,621,26
πεφανερῶσθαι,has been made manifest,V-RNM/P,G5319,Hebrews 9,622,26
στάσιν,a standing,N-AFS,G4714,Hebrews 9,623,26
παραβολὴ,a symbol,N-NFS,G3850,Hebrews 9,624,26
καιρὸν,time,N-AMS,G2540,Hebrews 9,625,26
ἐνεστηκότα,present,V-RPA-AMS,G1764,Hebrews 9,626,26
συνείδησιν,conscience,N-AFS,G4893,Hebrews 9,627,26
μόνον,consisting only,Adv,G3440,Hebrews 9,628,26
βρώμασιν,foods,N-DNP,G1033,Hebrews 9,629,26
πόμασιν,drinks,N-DNP,G4188,Hebrews 9,630,26
διορθώσεως,of reformation,N-GFS,G1357,Hebrews 9,631,26
ἐπικείμενα,being imposed,V-PPM/P-NNP,G1945,Hebrews 9,632,26
παραγενόμενος,having appeared as,V-APM-NMS,G3854,Hebrews 9,633,26
ἀγαθῶν,good things,Adj-GNP,G18,Hebrews 9,634,26
χειροποιήτου,made by hands,Adj-GFS,G5499,Hebrews 9,635,26
τράγων,of goats,N-GMP,G5131,Hebrews 9,636,26
μόσχων,calves,N-GMP,G3448,Hebrews 9,637,26
λύτρωσιν,redemption,N-AFS,G3085,Hebrews 9,638,26
ταύρων,of bulls,N-GMP,G5022,Hebrews 9,639,26
σποδὸς,the ashes,N-NFS,G4700,Hebrews 9,640,26
δαμάλεως,of a heifer,N-GFS,G1151,Hebrews 9,641,26
ῥαντίζουσα,sprinkling,V-PPA-NFS,G4472,Hebrews 9,642,26
κεκοινωμένους,having been defiled,V-RPM/P-AMP,G2840,Hebrews 9,643,26
καθαρότητα,purification,N-AFS,G2514,Hebrews 9,644,26
πόσῳ,how much,IPro-DNS,G4214,Hebrews 9,645,26
μᾶλλον,more,Adv,G3123,Hebrews 9,646,26
ἄμωμον,unblemished,Adj-AMS,G299,Hebrews 9,647,26
καθαριεῖ,will purify,V-FIA-3S,G2511,Hebrews 9,648,26
ἀπολύτρωσιν,redemption,N-AFS,G629,Hebrews 9,649,26
κληρονομίας,inheritance,N-GFS,G2817,Hebrews 9,650,26
ἰσχύει,it is in force,V-PIA-3S,G2480,Hebrews 9,651,26
ἐνκεκαίνισται,has been inaugurated,V-RIM/P-3S,G1457,Hebrews 9,652,26
ὕδατος,water,N-GNS,G5204,Hebrews 9,653,26
ἐρίου,wool,N-GNS,G2053,Hebrews 9,654,26
κοκκίνου,scarlet,Adj-GNS,G2847,Hebrews 9,655,26
ὑσσώπου,hyssop,N-GFS,G5301,Hebrews 9,656,26
βιβλίον,book,N-ANS,G975,Hebrews 9,657,26
ἐνετείλατο,commanded,V-AIM-3S,G1781,Hebrews 9,658,26
σκεύη,vessels,N-ANP,G4632,Hebrews 9,659,26
ὁμοίως,likewise,Adv,G3668,Hebrews 9,660,26
σχεδὸν,almost,Adv,G4975,Hebrews 9,661,26
αἱματεκχυσίας,blood-shedding,N-GFS,G130,Hebrews 9,662,26
ἄφεσις,forgiveness,N-NFS,G859,Hebrews 9,663,26
ἀντίτυπα,copies,Adj-ANP,G499,Hebrews 9,664,26
ἐμφανισθῆναι,to appear,V-ANP,G1718,Hebrews 9,665,26
προσώπῳ,presence,N-DNS,G4383,Hebrews 9,666,26
ἀλλοτρίῳ,of another,Adj-DNS,G245,Hebrews 9,667,26
συντελείᾳ,the consummation,N-DFS,G4930,Hebrews 9,668,26
ἀπόκειται,it is apportioned,V-PIM/P-3S,G606,Hebrews 9,669,26
κρίσις,to face judgment,N-NFS,G2920,Hebrews 9,670,26
ἀπεκδεχομένοις,awaiting,V-PPM/P-DMP,G553,Hebrews 9,671,26
εἰκόνα,form,N-AFS,G1504,Hebrews 10,672,26
οὐδέποτε,never,Adv,G3763,Hebrews 10,673,26
ἐπαύσαντο,would they have ceased,V-AIM-3P,G3973,Hebrews 10,674,26
μηδεμίαν,none,Adj-AFS,G3367,Hebrews 10,675,26
ἀνάμνησις,there is a reminder,N-NFS,G364,Hebrews 10,676,26
ἀφαιρεῖν,to take away,V-PNA,G851,Hebrews 10,677,26
προσφορὰν,offering,N-AFS,G4376,Hebrews 10,678,26
ἠθέλησας,You have desired,V-AIA-2S,G2309,Hebrews 10,679,26
Σῶμα,a body,N-ANS,G4983,Hebrews 10,680,26
κατηρτίσω,You have prepared,V-AIM-2S,G2675,Hebrews 10,681,26
Ὁλοκαυτώματα,Burnt offerings,N-ANP,G3646,Hebrews 10,682,26
εὐδόκησας,You have delighted in,V-AIA-2S,G2106,Hebrews 10,683,26
Τότε,Then,Adv,G5119,Hebrews 10,684,26
ἥκω,I have come,V-PIA-1S,G2240,Hebrews 10,685,26
κεφαλίδι,the scroll,N-DFS,G2777,Hebrews 10,686,26
γέγραπται,it is written,V-RIM/P-3S,G1125,Hebrews 10,687,26
θέλημά,will,N-ANS,G2307,Hebrews 10,688,26
Ἀνώτερον,Above,Adj-ANS-C,G511,Hebrews 10,689,26
ἀναιρεῖ,He takes away,V-PIA-3S,G337,Hebrews 10,690,26
στήσῃ,He might establish,V-ASA-3S,G2476,Hebrews 10,691,26
λειτουργῶν,ministering,V-PPA-NMS,G3008,Hebrews 10,692,26
περιελεῖν,to take away,V-ANA,G4014,Hebrews 10,693,26
λοιπὸν,henceforth,Adj-ANS,G3063,Hebrews 10,694,26
ἐκδεχόμενος,awaiting,V-PPM/P-NMS,G1551,Hebrews 10,695,26
οὐκέτι,no longer is there,Adv,G3765,Hebrews 10,696,26
εἴσοδον,entering,N-AFS,G1529,Hebrews 10,697,26
πρόσφατον,new,Adj-AFS,G4372,Hebrews 10,698,26
λελουσμένοι,having been washed,V-RPM/P-NMP,G3068,Hebrews 10,699,26
καθαρῷ,pure,Adj-DNS,G2513,Hebrews 10,700,26
ἀκλινῆ,firmly,Adj-AFS,G186,Hebrews 10,701,26
ἀλλήλους,one another,RecPro-AMP,G240,Hebrews 10,702,26
παροξυσμὸν,stirring up,N-AMS,G3948,Hebrews 10,703,26
ἐγκαταλείποντες,forsaking,V-PPA-NMP,G1459,Hebrews 10,704,26
ἐπισυναγωγὴν,assembling together,N-AFS,G1997,Hebrews 10,705,26
ἔθος,is the custom,N-NNS,G1485,Hebrews 10,706,26
Ἑκουσίως,If willingly,Adv,G1596,Hebrews 10,707,26
ἐπίγνωσιν,knowledge,N-AFS,G1922,Hebrews 10,708,26
ἀληθείας,truth,N-GFS,G225,Hebrews 10,709,26
φοβερὰ,terrifying,Adj-NFS,G5398,Hebrews 10,710,26
ἐκδοχὴ,expectation,N-NFS,G1561,Hebrews 10,711,26
ζῆλος,fury,N-NMS,G2205,Hebrews 10,712,26
ἐσθίειν,to devour,V-PNA,G2068,Hebrews 10,713,26
ὑπεναντίους,adversaries,Adj-AMP,G5227,Hebrews 10,714,26
ἀθετήσας,Having set aside,V-APA-NMS,G114,Hebrews 10,715,26
οἰκτιρμῶν,mercies,N-GMP,G3628,Hebrews 10,716,26
τρισὶν,three,Adj-DMP,G5140,Hebrews 10,717,26
μάρτυσιν,witnesses,N-DMP,G3144,Hebrews 10,718,26
χείρονος,worse,Adj-GFS-C,G5501,Hebrews 10,719,26
τιμωρίας,punishment,N-GFS,G5098,Hebrews 10,720,26
καταπατήσας,having trampled upon,V-APA-NMS,G2662,Hebrews 10,721,26
κοινὸν,ordinary,Adj-ANS,G2839,Hebrews 10,722,26
ἡγησάμενος,having esteemed,V-APM-NMS,G2233,Hebrews 10,723,26
ἐνυβρίσας,having insulted,V-APA-NMS,G1796,Hebrews 10,724,26
ἐκδίκησις,is vengeance,N-NFS,G1557,Hebrews 10,725,26
ἀνταποδώσω,will repay,V-FIA-1S,G467,Hebrews 10,726,26
Κρινεῖ,Will judge,V-FIA-3S,G2919,Hebrews 10,727,26
ἐμπεσεῖν,to fall,V-ANA,G1706,Hebrews 10,728,26
Ἀναμιμνῄσκεσθε,Remember,V-PMP-2P,G363,Hebrews 10,729,26
ἄθλησιν,conflict,N-AFS,G119,Hebrews 10,730,26
ὑπεμείνατε,you endured,V-AIA-2P,G5278,Hebrews 10,731,26
ὀνειδισμοῖς,by revilings,N-DMP,G3680,Hebrews 10,732,26
θλίψεσιν,tribulations,N-DFP,G2347,Hebrews 10,733,26
θεατριζόμενοι,being made a spectacle,V-PPM/P-NMP,G2301,Hebrews 10,734,26
κοινωνοὶ,partners,N-NMP,G2844,Hebrews 10,735,26
ἀναστρεφομένων,passing through them,V-PPM/P-GMP,G390,Hebrews 10,736,26
δεσμίοις,prisoners,N-DMP,G1198,Hebrews 10,737,26
ἁρπαγὴν,plundering,N-AFS,G724,Hebrews 10,738,26
ὑπαρχόντων,possessions,V-PPA-GNP,G5225,Hebrews 10,739,26
χαρᾶς,joy,N-GFS,G5479,Hebrews 10,740,26
προσεδέξασθε,you accepted,V-AIM-2P,G4327,Hebrews 10,741,26
ὕπαρξιν,possession,N-AFS,G5223,Hebrews 10,742,26
ἀποβάλητε,throw away,V-ASA-2P,G577,Hebrews 10,743,26
ὑπομονῆς,Of endurance,N-GFS,G5281,Hebrews 10,744,26
κομίσησθε,you may receive,V-ASM-2P,G2865,Hebrews 10,745,26
χρονίσει,will delay,V-FIA-3S,G5549,Hebrews 10,746,26
δίκαιός,righteous,Adj-NMS,G1342,Hebrews 10,747,26
ὑποστείληται,he might shrink back,V-ASM-3S,G5288,Hebrews 10,748,26
ὑποστολῆς,of those drawing back,N-GFS,G5289,Hebrews 10,749,26
ἀπώλειαν,destruction,N-AFS,G684,Hebrews 10,750,26
περιποίησιν,the preserving,N-AFS,G4047,Hebrews 10,751,26
ἐλπιζομένων,of things hoped for,V-PPM/P-GNP,G1679,Hebrews 11,752,26
ἔλεγχος,the conviction,N-NMS,G1650,Hebrews 11,753,26
πρεσβύτεροι,ancients,Adj-NMP,G4245,Hebrews 11,754,26
νοοῦμεν,we understand,V-PIA-1P,G3539,Hebrews 11,755,26
φαινομένων,being visible,V-PPM/P-GNP,G5316,Hebrews 11,756,26
Ἅβελ,Abel,N-NMS,G6,Hebrews 11,757,26
Κάϊν,Cain,N-AMS,G2535,Hebrews 11,758,26
Ἑνὼχ,Enoch,N-NMS,G1802,Hebrews 11,759,26
διότι,because,Conj,G1360,Hebrews 11,760,26
πρὸ,Before,Prep,G4253,Hebrews 11,761,26
εὐαρεστηκέναι,to have pleased,V-RNA,G2100,Hebrews 11,762,26
ἐκζητοῦσιν,earnestly seeking out,V-PPA-DMP,G1567,Hebrews 11,763,26
μισθαποδότης,a rewarder,N-NMS,G3406,Hebrews 11,764,26
Νῶε,Noah,N-NMS,G3575,Hebrews 11,765,26
μηδέπω,not yet,Adv,G3369,Hebrews 11,766,26
εὐλαβηθεὶς,having been moved with fear,V-APP-NMS,G2125,Hebrews 11,767,26
κατέκρινεν,he condemned,V-AIA-3S,G2632,Hebrews 11,768,26
ἐπιστάμενος,knowing,V-PPM/P-NMS,G1987,Hebrews 11,769,26
παρῴκησεν,he sojourned,V-AIA-3S,G3939,Hebrews 11,770,26
κατοικήσας,having dwelt,V-APA-NMS,G2730,Hebrews 11,771,26
Ἰσαὰκ,Isaac,N-GMS,G2464,Hebrews 11,772,26
Ἰακὼβ,Jacob,N-GMS,G2384,Hebrews 11,773,26
συνκληρονόμων,joint-heirs,Adj-GMP,G4789,Hebrews 11,774,26
πόλιν,city,N-AFS,G4172,Hebrews 11,775,26
τεχνίτης,the architect,N-NMS,G5079,Hebrews 11,776,26
δημιουργὸς,builder is,N-NMS,G1217,Hebrews 11,777,26
Σάρρᾳ,Sarah,N-DFS,G4564,Hebrews 11,778,26
στεῖρα,barren,Adj-NFS,G4723,Hebrews 11,779,26
ἡλικίας,age,N-GFS,G2244,Hebrews 11,780,26
νενεκρωμένου,having been as good as dead,V-RPM/P-GMS,G3499,Hebrews 11,781,26
ἄστρα,stars,N-NNP,G798,Hebrews 11,782,26
πλήθει,in multitude,N-DNS,G4128,Hebrews 11,783,26
ἄμμος,sand,N-NFS,G285,Hebrews 11,784,26
χεῖλος,shore,N-ANS,G5491,Hebrews 11,785,26
θαλάσσης,sea,N-GFS,G2281,Hebrews 11,786,26
ἀναρίθμητος,countless,Adj-NFS,G382,Hebrews 11,787,26
πόρρωθεν,from afar,Adv,G4207,Hebrews 11,788,26
ἀσπασάμενοι,having embraced them,V-APM-NMP,G782,Hebrews 11,789,26
ὁμολογήσαντες,having confessed,V-APA-NMP,G3670,Hebrews 11,790,26
ξένοι,strangers,Adj-NMP,G3581,Hebrews 11,791,26
παρεπίδημοί,sojourners,Adj-NMP,G3927,Hebrews 11,792,26
πατρίδα,own country,N-AFS,G3968,Hebrews 11,793,26
ἐπιζητοῦσιν,they are seeking,V-PIA-3P,G1934,Hebrews 11,794,26
ἐμνημόνευον,they had been remembering,V-IIA-3P,G3421,Hebrews 11,795,26
ἐξέβησαν,they came out,V-AIA-3P,G1545,Hebrews 11,796,26
ἀνακάμψαι,to return,V-ANA,G344,Hebrews 11,797,26
ὀρέγονται,they stretch forward to,V-PIM-3P,G3713,Hebrews 11,798,26
ἐπικαλεῖσθαι,to be called,V-PNM/P,G1941,Hebrews 11,799,26
ἡτοίμασεν,He has prepared,V-AIA-3S,G2090,Hebrews 11,800,26
μονογενῆ,only begotten son,Adj-AMS,G3439,Hebrews 11,801,26
ἀναδεξάμενος,having received,V-APM-NMS,G324,Hebrews 11,802,26
λογισάμενος,having reasoned,V-APM-NMS,G3049,Hebrews 11,803,26
ἐγείρειν,to raise,V-PNA,G1453,Hebrews 11,804,26
δυνατὸς,able was,Adj-NMS,G1415,Hebrews 11,805,26
Ἠσαῦ,Esau,N-AMS,G2269,Hebrews 11,806,26
Ἰωσὴφ,of Joseph,N-GMS,G2501,Hebrews 11,807,26
ἄκρον,top,N-ANS,G206,Hebrews 11,808,26
τελευτῶν,dying,V-PPA-NMS,G5053,Hebrews 11,809,26
ἐξόδου,exodus,N-GFS,G1841,Hebrews 11,810,26
ὀστέων,bones,N-GNP,G3747,Hebrews 11,811,26
ἐκρύβη,was hidden,V-AIP-3S,G2928,Hebrews 11,812,26
τρίμηνον,three months,Adj-ANS,G5150,Hebrews 11,813,26
ἀστεῖον,was beautiful,Adj-ANS,G791,Hebrews 11,814,26
διάταγμα,edict,N-ANS,G1297,Hebrews 11,815,26
ἠρνήσατο,refused,V-AIM-3S,G720,Hebrews 11,816,26
θυγατρὸς,of the daughter,N-GFS,G2364,Hebrews 11,817,26
Φαραώ,of Pharaoh,N-GMS,G5328,Hebrews 11,818,26
ἑλόμενος,having chosen,V-APM-NMS,G138,Hebrews 11,819,26
συνκακουχεῖσθαι,to suffer affliction with,V-PNM/P,G4778,Hebrews 11,820,26
πρόσκαιρον,the temporary,Adj-AFS,G4340,Hebrews 11,821,26
ἀπόλαυσιν,enjoyment,N-AFS,G619,Hebrews 11,822,26
πλοῦτον,wealth,N-AMS,G4149,Hebrews 11,823,26
θησαυρῶν,treasures,N-GMP,G2344,Hebrews 11,824,26
ἀπέβλεπεν,he was looking,V-IIA-3S,G578,Hebrews 11,825,26
θυμὸν,anger,N-AMS,G2372,Hebrews 11,826,26
ἀόρατον,Invisible One,Adj-AMS,G517,Hebrews 11,827,26
ἐκαρτέρησεν,he persevered,V-AIA-3S,G2594,Hebrews 11,828,26
πάσχα,Passover,N-ANS,G3957,Hebrews 11,829,26
πρόσχυσιν,sprinkling,N-AFS,G4378,Hebrews 11,830,26
ὀλοθρεύων,destroying,V-PPA-NMS,G3645,Hebrews 11,831,26
θίγῃ,would touch,V-ASA-3S,G2345,Hebrews 11,832,26
διέβησαν,they passed through,V-AIA-3P,G1224,Hebrews 11,833,26
Ἐρυθρὰν,Red,Adj-AFS,G2063,Hebrews 11,834,26
ξηρᾶς,dry,Adj-GFS,G3584,Hebrews 11,835,26
πεῖραν,an attempt,N-AFS,G3984,Hebrews 11,836,26
Αἰγύπτιοι,Egyptians,Adj-NMP,G124,Hebrews 11,837,26
κατεπόθησαν,were swallowed up,V-AIP-3P,G2666,Hebrews 11,838,26
τείχη,walls,N-NNP,G5038,Hebrews 11,839,26
Ἰεριχὼ,of Jericho,N-GFS,G2410,Hebrews 11,840,26
κυκλωθέντα,having been encircled,V-APP-NNP,G2944,Hebrews 11,841,26
ἑπτὰ,seven,Adj-AFP,G2033,Hebrews 11,842,26
Ῥαὰβ,Rahab,N-NFS,G4460,Hebrews 11,843,26
πόρνη,prostitute,N-NFS,G4204,Hebrews 11,844,26
συναπώλετο,did perish with,V-AIM-3S,G4881,Hebrews 11,845,26
δεξαμένη,having received,V-APM-NFS,G1209,Hebrews 11,846,26
κατασκόπους,spies,N-AMP,G2685,Hebrews 11,847,26
ἐπιλείψει,Will fail,V-FIA-3S,G1952,Hebrews 11,848,26
διηγούμενον,telling,V-PPM/P-AMS,G1334,Hebrews 11,849,26
Γεδεών,Gideon,N-GMS,G1066,Hebrews 11,850,26
Βαράκ,Barak,N-GMS,G913,Hebrews 11,851,26
Σαμψών,Samson,N-GMS,G4546,Hebrews 11,852,26
Ἰεφθάε,Jephthah,N-GMS,G2422,Hebrews 11,853,26
Σαμουὴλ,Samuel,N-GMS,G4545,Hebrews 11,854,26
κατηγωνίσαντο,conquered,V-AIM-3P,G2610,Hebrews 11,855,26
εἰργάσαντο,administered,V-AIM-3P,G2038,Hebrews 11,856,26
ἔφραξαν,shut,V-AIA-3P,G5420,Hebrews 11,857,26
στόματα,the mouths,N-ANP,G4750,Hebrews 11,858,26
λεόντων,of lions,N-GMP,G3023,Hebrews 11,859,26
ἔσβεσαν,quenched,V-AIA-3P,G4570,Hebrews 11,860,26
ἔφυγον,escaped,V-AIA-3P,G5343,Hebrews 11,861,26
ἐδυναμώθησαν,acquired strength,V-AIP-3P,G1412,Hebrews 11,862,26
πολέμῳ,war,N-DMS,G4171,Hebrews 11,863,26
παρεμβολὰς,the armies,N-AFP,G3925,Hebrews 11,864,26
ἔκλιναν,put to flight,V-AIA-3P,G2827,Hebrews 11,865,26
γυναῖκες,women,N-NFP,G1135,Hebrews 11,866,26
ἐτυμπανίσθησαν,were tortured,V-AIP-3P,G5178,Hebrews 11,867,26
ἐμπαιγμῶν,of mockings,N-GMP,G1701,Hebrews 11,868,26
μαστίγων,of scourgings,N-GFP,G3148,Hebrews 11,869,26
δεσμῶν,of chains,N-GMP,G1199,Hebrews 11,870,26
φυλακῆς,imprisonment,N-GFS,G5438,Hebrews 11,871,26
Ἐλιθάσθησαν,They were stoned,V-AIP-3P,G3034,Hebrews 11,872,26
ἐπρίσθησαν,they were sawed in two,V-AIP-3P,G4249,Hebrews 11,873,26
φόνῳ,slaughter,N-DMS,G5408,Hebrews 11,874,26
περιῆλθον,they wandered,V-AIA-3P,G4022,Hebrews 11,875,26
μηλωταῖς,sheepskins,N-DFP,G3374,Hebrews 11,876,26
αἰγείοις,goats’,Adj-DNP,G122,Hebrews 11,877,26
δέρμασιν,skins,N-DNP,G1192,Hebrews 11,878,26
θλιβόμενοι,being oppressed,V-PPM/P-NMP,G2346,Hebrews 11,879,26
κακουχούμενοι,being mistreated,V-PPM/P-NMP,G2558,Hebrews 11,880,26
ἄξιος,worthy,Adj-NMS,G514,Hebrews 11,881,26
ἐρημίαις,deserts,N-DFP,G2047,Hebrews 11,882,26
σπηλαίοις,caves,N-DNP,G4693,Hebrews 11,883,26
ὀπαῖς,holes,N-DFP,G3692,Hebrews 11,884,26
προβλεψαμένου,having planned,V-APM-GMS,G4265,Hebrews 11,885,26
Τοιγαροῦν,Therefore,Conj,G5105,Hebrews 12,886,26
νέφος,a cloud,N-ANS,G3509,Hebrews 12,887,26
ὄγκον,weight,N-AMS,G3591,Hebrews 12,888,26
ἀποθέμενοι,having laid aside,V-APM-NMP,G659,Hebrews 12,889,26
εὐπερίστατον,easily entangling,Adj-AFS,G2139,Hebrews 12,890,26
τρέχωμεν,should run,V-PSA-1P,G5143,Hebrews 12,891,26
ἀγῶνα,race,N-AMS,G73,Hebrews 12,892,26
ἀφορῶντες,looking,V-PPA-NMP,G872,Hebrews 12,893,26
τελειωτὴν,perfecter,N-AMS,G5051,Hebrews 12,894,26
ἀντὶ,in view of,Prep,G473,Hebrews 12,895,26
σταυρὸν,the cross,N-AMS,G4716,Hebrews 12,896,26
αἰσχύνης,its shame,N-GFS,G152,Hebrews 12,897,26
καταφρονήσας,having despised,V-APA-NMS,G2706,Hebrews 12,898,26
ἀναλογίσασθε,Consider fully,V-AMM-2P,G357,Hebrews 12,899,26
κάμητε,you shall grow weary,V-ASA-2P,G2577,Hebrews 12,900,26
ἐκλυόμενοι,fainting,V-PPM/P-NMP,G1590,Hebrews 12,901,26
ἀντικατέστητε,have you resisted,V-AIA-2P,G478,Hebrews 12,902,26
ἀνταγωνιζόμενοι,struggling,V-PPM/P-NMP,G464,Hebrews 12,903,26
ἐκλέλησθε,you have forgotten,V-RIM/P-2P,G1585,Hebrews 12,904,26
διαλέγεται,addresses,V-PIM/P-3S,G1256,Hebrews 12,905,26
ὀλιγώρει,regard lightly,V-PMA-2S,G3643,Hebrews 12,906,26
παιδείας,the discipline,N-GFS,G3809,Hebrews 12,907,26
μηδὲ,nor,Conj,G3366,Hebrews 12,908,26
ἐλεγχόμενος,being reproved,V-PPM/P-NMS,G1651,Hebrews 12,909,26
παιδεύει,disciplines,V-PIA-3S,G3811,Hebrews 12,910,26
μαστιγοῖ,He scourges,V-PIA-3S,G3146,Hebrews 12,911,26
παραδέχεται,He receives,V-PIM/P-3S,G3858,Hebrews 12,912,26
νόθοι,illegitimate children,Adj-NMP,G3541,Hebrews 12,913,26
εἶτα,Furthermore,Adv,G1534,Hebrews 12,914,26
παιδευτὰς,correctors,N-AMP,G3810,Hebrews 12,915,26
ἐνετρεπόμεθα,we respected them,V-IIP-1P,G1788,Hebrews 12,916,26
ὀλίγας,a few,Adj-AFP,G3641,Hebrews 12,917,26
συμφέρον,benefitting,V-PPA-ANS,G4851,Hebrews 12,918,26
ἁγιότητος,holiness,N-GFS,G41,Hebrews 12,919,26
παρὸν,being present,V-PPA-ANS,G3918,Hebrews 12,920,26
λύπης,of grief,N-GFS,G3077,Hebrews 12,921,26
ὕστερον,afterward,Adv,G5305,Hebrews 12,922,26
καρπὸν,the fruit,N-AMS,G2590,Hebrews 12,923,26
εἰρηνικὸν,peaceable,Adj-AMS,G1516,Hebrews 12,924,26
ἀποδίδωσιν,it yields,V-PIA-3S,G591,Hebrews 12,925,26
παρειμένας,drooping,V-RPM/P-AFP,G3935,Hebrews 12,926,26
παραλελυμένα,enfeebled,V-RPM/P-ANP,G3886,Hebrews 12,927,26
γόνατα,knees,N-ANP,G1119,Hebrews 12,928,26
ἀνορθώσατε,lift up,V-AMA-2P,G461,Hebrews 12,929,26
τροχιὰς,paths,N-AFP,G5163,Hebrews 12,930,26
ὀρθὰς,straight,Adj-AFP,G3717,Hebrews 12,931,26
χωλὸν,lame,Adj-NNS,G5560,Hebrews 12,932,26
ἐκτραπῇ,should be put out of joint,V-ASP-3S,G1624,Hebrews 12,933,26
ἰαθῇ,should be healed,V-ASP-3S,G2390,Hebrews 12,934,26
διώκετε,pursue,V-PMA-2P,G1377,Hebrews 12,935,26
ἁγιασμόν,holiness,N-AMS,G38,Hebrews 12,936,26
ἐπισκοποῦντες,observing,V-PPA-NMP,G1983,Hebrews 12,937,26
ῥίζα,root,N-NFS,G4491,Hebrews 12,938,26
πικρίας,of bitterness,N-GFS,G4088,Hebrews 12,939,26
ἄνω,up,Adv,G507,Hebrews 12,940,26
φύουσα,springing,V-PPA-NFS,G5453,Hebrews 12,941,26
ἐνοχλῇ,should trouble you,V-PSA-3S,G1776,Hebrews 12,942,26
μιανθῶσιν,might be defiled,V-ASP-3P,G3392,Hebrews 12,943,26
πόρνος,fornicator,N-NMS,G4205,Hebrews 12,944,26
βέβηλος,profane person,Adj-NMS,G952,Hebrews 12,945,26
βρώσεως,meal,N-GFS,G1035,Hebrews 12,946,26
πρωτοτόκια,birthright,N-ANP,G4415,Hebrews 12,947,26
μετέπειτα,afterward,Adv,G3347,Hebrews 12,948,26
ἀπεδοκιμάσθη,he was rejected,V-AIP-3S,G593,Hebrews 12,949,26
ψηλαφωμένῳ,that being touched,V-PPM/P-DNS,G5584,Hebrews 12,950,26
κεκαυμένῳ,having been kindled,V-RPM/P-DNS,G2545,Hebrews 12,951,26
γνόφῳ,to darkness,N-DMS,G1105,Hebrews 12,952,26
ζόφῳ,to gloom,N-DMS,G2217,Hebrews 12,953,26
θυέλλῃ,to storm,N-DFS,G2366,Hebrews 12,954,26
σάλπιγγος,of a trumpet,N-GFS,G4536,Hebrews 12,955,26
ἤχῳ,to the sound,N-DMS,G2279,Hebrews 12,956,26
παρῃτήσαντο,excused themselves,V-AIM-3P,G3868,Hebrews 12,957,26
προστεθῆναι,to be addressed,V-ANP,G4369,Hebrews 12,958,26
διαστελλόμενον,being commanded,V-PPM/P-ANS,G1291,Hebrews 12,959,26
Κἂν,If even,Adv,G2579,Hebrews 12,960,26
θηρίον,a beast,N-NNS,G2342,Hebrews 12,961,26
λιθοβοληθήσεται,it shall be stoned,V-FIP-3S,G3036,Hebrews 12,962,26
φανταζόμενον,appearing that,V-PPM/P-NNS,G5324,Hebrews 12,963,26
Ἔκφοβός,Greatly afraid,Adj-NMS,G1630,Hebrews 12,964,26
ἔντρομος,trembling,Adj-NMS,G1790,Hebrews 12,965,26
Σιὼν,Zion,N-DFS,G4622,Hebrews 12,966,26
Ἰερουσαλὴμ,the Jerusalem,N-DFS,G2419,Hebrews 12,967,26
μυριάσιν,to myriads,N-DFP,G3461,Hebrews 12,968,26
πανηγύρει,to the assembly,N-DFS,G3831,Hebrews 12,969,26
ἀπογεγραμμένων,having been enrolled,V-RPM/P-GMP,G583,Hebrews 12,970,26
Κριτῇ,to the judge,N-DMS,G2923,Hebrews 12,971,26
νέας,new,Adj-GFS,G3501,Hebrews 12,972,26
ῥαντισμοῦ,of sprinkling,N-GMS,G4473,Hebrews 12,973,26
ἀποστρεφόμενοι,turning away from,V-PPP-NMP,G654,Hebrews 12,974,26
ἐσάλευσεν,shook,V-AIA-3S,G4531,Hebrews 12,975,26
σείσω,will shake,V-FIA-1S,G4579,Hebrews 12,976,26
ἀσάλευτον,not to be shaken,Adj-AFS,G761,Hebrews 12,977,26
παραλαμβάνοντες,receiving,V-PPA-NMP,G3880,Hebrews 12,978,26
εὐαρέστως,well pleasingly,Adv,G2102,Hebrews 12,979,26
δέους,awe,N-GNS,G1169,Hebrews 12,980,26
καταναλίσκον,consuming,V-PPA-NNS,G2654,Hebrews 12,981,26
φιλαδελφία,Brotherly love,N-NFS,G5360,Hebrews 13,982,26
φιλοξενίας,Of hospitality,N-GFS,G5381,Hebrews 13,983,26
ἔλαθόν,unawares,V-AIA-3P,G2990,Hebrews 13,984,26
ξενίσαντες,have entertained,V-APA-NMP,G3579,Hebrews 13,985,26
συνδεδεμένοι,being bound with them,V-RPM/P-NMP,G4887,Hebrews 13,986,26
Τίμιος,Honorable let,Adj-NMS,G5093,Hebrews 13,987,26
γάμος,marriage be,N-NMS,G1062,Hebrews 13,988,26
κοίτη,marriage bed,N-NFS,G2845,Hebrews 13,989,26
μοιχοὺς,adulterers,N-AMP,G3432,Hebrews 13,990,26
Ἀφιλάργυρος,Let be without covetousness,Adj-NMS,G866,Hebrews 13,991,26
τρόπος,manner of life,N-NMS,G5158,Hebrews 13,992,26
ἀρκούμενοι,being satisfied,V-PPM/P-NMP,G714,Hebrews 13,993,26
ἀνῶ,will I leave,V-ASA-1S,G447,Hebrews 13,994,26
Ὥστε,So,Conj,G5620,Hebrews 13,995,26
θαρροῦντας,are confident,V-PPA-AMP,G2292,Hebrews 13,996,26
βοηθός,helper,N-NMS,G998,Hebrews 13,997,26
ἀναθεωροῦντες,considering,V-PPA-NMP,G333,Hebrews 13,998,26
ἀναστροφῆς,way of life,N-GFS,G391,Hebrews 13,999,26
μιμεῖσθε,imitate,V-PMM/P-2P,G3401,Hebrews 13,1000,26
ἐχθὲς,yesterday,Adv,G5504,Hebrews 13,1001,26
παραφέρεσθε,be carried away,V-PMM/P-2P,G3911,Hebrews 13,1002,26
περιπατοῦντες,being devoted,V-PPA-NMP,G4043,Hebrews 13,1003,26
φαγεῖν,to eat,V-ANA,G5315,Hebrews 13,1004,26
ἐξουσίαν,authority,N-AFS,G1849,Hebrews 13,1005,26
εἰσφέρεται,is brought,V-PIM/P-3S,G1533,Hebrews 13,1006,26
ζῴων,of animals,N-GNP,G2226,Hebrews 13,1007,26
κατακαίεται,are burned,V-PIM/P-3S,G2618,Hebrews 13,1008,26
ἔξω,outside,Prep,G1854,Hebrews 13,1009,26
πύλης,gate,N-GFS,G4439,Hebrews 13,1010,26
τοίνυν,Therefore,Conj,G5106,Hebrews 13,1011,26
αἰνέσεως,of praise,N-GFS,G133,Hebrews 13,1012,26
εὐποιΐας,the good,N-GFS,G2140,Hebrews 13,1013,26
κοινωνίας,of sharing,N-GFS,G2842,Hebrews 13,1014,26
ὑπείκετε,be submissive,V-PMA-2P,G5226,Hebrews 13,1015,26
ἀγρυπνοῦσιν,watch,V-PIA-3P,G69,Hebrews 13,1016,26
στενάζοντες,groaning,V-PPA-NMP,G4727,Hebrews 13,1017,26
ἀλυσιτελὲς,unprofitable,Adj-NNS,G255,Hebrews 13,1018,26
Προσεύχεσθε,Pray,V-PMM/P-2P,G4336,Hebrews 13,1019,26
καλῶς,well,Adv,G2573,Hebrews 13,1020,26
τάχιον,more quickly,Adj-ANS-C,G5032,Hebrews 13,1021,26
ἀποκατασταθῶ,I may be restored,V-ASP-1S,G600,Hebrews 13,1022,26
ἀναγαγὼν,having brought,V-APA-NMS,G321,Hebrews 13,1023,26
ποιμένα,Shepherd,N-AMS,G4166,Hebrews 13,1024,26
προβάτων,sheep,N-GNP,G4263,Hebrews 13,1025,26
εὐάρεστον,well pleasing,Adj-ANS,G2101,Hebrews 13,1026,26
ἀμήν,Amen,Heb,G281,Hebrews 13,1027,26
ἀνέχεσθε,bear with,V-PMM/P-2P,G430,Hebrews 13,1028,26
ἐπέστειλα,I have written,V-AIA-1S,G1989,Hebrews 13,1029,26
Τιμόθεον,Timothy,N-AMS,G5095,Hebrews 13,1030,26
ἀπολελυμένον,has been released,V-RPM/P-AMS,G630,Hebrews 13,1031,26
Ἰταλίας,Italy,N-GFS,G2482,Hebrews 13,1032,26
