hebrew_word,lemma,transliteration,english_translation,parsing_abbreviation,strongs_number,book,chapter,ordinal
אֲשֶׁ֣ר,H834,’ă·šer,which,Pro‑r,H834,Habakkuk,1,1
חָזָ֔ה,H2372,"ḥā·zāh,",saw,V‑Qal‑Perf‑3ms,H2372,Habakkuk,1,2
חֲבַקּ֖וּק,H2265,ḥă·ḇaq·qūq,Habakkuk,N‑proper‑ms,H2265,Habakkuk,1,3
הַנָּבִֽיא׃,H5030,han·nā·ḇî.,the prophet,Art | N‑ms,H5030,Habakkuk,1,4
אָ֧נָה,H575,’ā·nāh,long,Adv,H575,Habakkuk,1,5
יְהוָ֛ה,H3068,Yah·weh,Yahweh,N‑proper‑ms,H3068,Habakkuk,1,6
שִׁוַּ֖עְתִּי,H7768,šiw·wa‘·tî,shall I cry,V‑Piel‑Perf‑1cs,H7768,Habakkuk,1,7
וְלֹ֣א,H3808,wə·lō,and not,Conj‑w | Adv‑NegPrt,H3808,Habakkuk,1,8
תִשְׁמָ֑ע,H8085,ṯiš·mā‘;,You will hear,V‑Qal‑Imperf‑2ms,H8085,Habakkuk,1,9
אֶזְעַ֥ק,H2199,’ez·‘aq,Even cry out,V‑Qal‑Imperf‑1cs,H2199,Habakkuk,1,10
אֵלֶ֛יךָ,H413,’ê·le·ḵā,to You,Prep | 2ms,H413,Habakkuk,1,11
חָמָ֖ס,H2555,ḥā·mās,Violence,N‑ms,H2555,Habakkuk,1,12
וְלֹ֥א,H3808,wə·lō,and not,Conj‑w | Adv‑NegPrt,H3808,Habakkuk,1,13
תוֹשִֽׁיעַ׃,H3467,ṯō·wō·šî·a‘.,You will save,V‑Hifil‑Imperf‑2ms,H3467,Habakkuk,1,14
תַרְאֵ֤נִי,H7200,ṯar·’ê·nî,do You show me,V‑Hifil‑Imperf‑2ms | 1cs,H7200,Habakkuk,1,15
אָ֙וֶן֙,H205,’ā·wen,iniquity,N‑ms,H205,Habakkuk,1,16
וְעָמָ֣ל,H5999,wə·‘ā·māl,and trouble,Conj‑w | N‑ms,H5999,Habakkuk,1,17
תַּבִּ֔יט,H5027,"tab·bîṭ,",cause [me] to see,V‑Hifil‑Imperf‑2ms,H5027,Habakkuk,1,18
וְשֹׁ֥ד,H7701,wə·šōḏ,for plundering,Conj‑w | N‑ms,H7701,Habakkuk,1,19
וְחָמָ֖ס,H2555,wə·ḥā·mās,and violence,Conj‑w | N‑ms,H2555,Habakkuk,1,20
לְנֶגְדִּ֑י,H5048,lə·neḡ·dî;,[are] before me,Prep‑l | 1cs,H5048,Habakkuk,1,21
וַיְהִ֧י,H1961,way·hî,and there is,Conj‑w | V‑Qal‑ConsecImperf‑3ms,H1961,Habakkuk,1,22
רִ֦יב,H7379,rîḇ,strife,N‑ms,H7379,Habakkuk,1,23
וּמָד֖וֹן,H4066,ū·mā·ḏō·wn,and contention,Conj‑w | N‑ms,H4066,Habakkuk,1,24
יִשָּֽׂא׃,H5375,yiś·śā.,arises,V‑Qal‑Imperf‑3ms,H5375,Habakkuk,1,25
כֵּן֙,H3651,kên,thus,Adv,H3651,Habakkuk,1,26
תָּפ֣וּג,H6313,tā·p̄ūḡ,is powerless,V‑Qal‑Imperf‑3fs,H6313,Habakkuk,1,27
תּוֹרָ֔ה,H8451,"tō·w·rāh,",the law,N‑fs,H8451,Habakkuk,1,28
וְלֹֽא־,H3808,wə·lō-,and never,Conj‑w | Adv‑NegPrt,H3808,Habakkuk,1,29
יֵצֵ֥א,H3318,yê·ṣê,goes forth,V‑Qal‑Imperf‑3ms,H3318,Habakkuk,1,30
לָנֶ֖צַח,H5331,lā·ne·ṣaḥ,Never,Prep‑l | N‑ms,H5331,Habakkuk,1,31
מִשְׁפָּ֑ט,H4941,miš·pāṭ;,justice,N‑ms,H4941,Habakkuk,1,32
כִּ֤י,H3588,kî,for,Conj,H3588,Habakkuk,1,33
רָשָׁע֙,H7563,rā·šā‘,the wicked,Adj‑ms,H7563,Habakkuk,1,34
מַכְתִּ֣יר,H3803,maḵ·tîr,surround,V‑Hifil‑Prtcpl‑ms,H3803,Habakkuk,1,35
אֶת־,H853,’eṯ-,-,DirObjM,H853,Habakkuk,1,36
הַצַּדִּ֔יק,H6662,"haṣ·ṣad·dîq,",the righteous,Art | Adj‑ms,H6662,Habakkuk,1,37
עַל־,H5921,‘al-,upon,Prep,H5921,Habakkuk,1,38
כֵּ֛ן,H3651,kên,thus,Adv,H3651,Habakkuk,1,39
יֵצֵ֥א,H3318,yê·ṣê,proceeds,V‑Qal‑Imperf‑3ms,H3318,Habakkuk,1,40
מִשְׁפָּ֖ט,H4941,miš·pāṭ,judgment,N‑ms,H4941,Habakkuk,1,41
מְעֻקָּֽל׃,H6127,mə·‘uq·qāl.,perverse,V‑Pual‑Prtcpl‑ms,H6127,Habakkuk,1,42
בַגּוֹיִם֙,H1471,ḇag·gō·w·yim,among the nations,"Prep‑b, Art | N‑mp",H1471,Habakkuk,1,43
וְֽהַבִּ֔יטוּ,H5027,"wə·hab·bî·ṭū,",and watch,Conj‑w | V‑Hifil‑Imp‑mp,H5027,Habakkuk,1,44
וְהִֽתַּמְּה֖וּ,H8539,wə·hit·tam·mə·hū,and Be astounded,Conj‑w | V‑Hitpael‑Imp‑mp,H8539,Habakkuk,1,45
תְּמָ֑הוּ,H8539,tə·mā·hū;,utterly,V‑Qal‑Imp‑mp,H8539,Habakkuk,1,46
כִּי־,H3588,kî-,for,Conj,H3588,Habakkuk,1,47
פֹ֙עַל֙,H6467,p̄ō·‘al,[I will] work,N‑ms,H6467,Habakkuk,1,48
פֹּעֵ֣ל,H6466,pō·‘êl,a work,V‑Qal‑Prtcpl‑ms,H6466,Habakkuk,1,49
בִּֽימֵיכֶ֔ם,H3117,"bî·mê·ḵem,",in your days,Prep‑b | N‑mpc | 2mp,H3117,Habakkuk,1,50
לֹ֥א,H3808,lō,not,Adv‑NegPrt,H3808,Habakkuk,1,51
תַאֲמִ֖ינוּ,H539,ṯa·’ă·mî·nū,[Which] you would believe,V‑Hifil‑Imperf‑2mp,H539,Habakkuk,1,52
כִּ֥י,H3588,kî,though,Conj,H3588,Habakkuk,1,53
יְסֻפָּֽר׃,H5608,yə·sup·pār.,it were told [you],V‑Pual‑Imperf‑3ms,H5608,Habakkuk,1,54
הִנְנִ֤י,H2005,hin·nî,indeed I,Interjection | 1cs,H2005,Habakkuk,1,55
מֵקִים֙,H6965,mê·qîm,am raising up,V‑Hifil‑Prtcpl‑ms,H6965,Habakkuk,1,56
אֶת־,H853,’eṯ-,-,DirObjM,H853,Habakkuk,1,57
הַכַּשְׂדִּ֔ים,H3778,"hak·kaś·dîm,",the Chaldeans,Art | N‑proper‑mp,H3778,Habakkuk,1,58
הַגּ֖וֹי,H1471,hag·gō·w,a nation,Art | N‑ms,H1471,Habakkuk,1,59
הַמַּ֣ר,H4751,ham·mar,bitter,Art | Adj‑ms,H4751,Habakkuk,1,60
וְהַנִּמְהָ֑ר,H4116,wə·han·nim·hār;,and hasty,"Conj‑w, Art | V‑Nifal‑Prtcpl‑ms",H4116,Habakkuk,1,61
הַֽהוֹלֵךְ֙,H1980,ha·hō·w·lêḵ,which marches,Art | V‑Qal‑Prtcpl‑ms,H1980,Habakkuk,1,62
לְמֶרְחֲבֵי־,H4800,lə·mer·ḥă·ḇê-,through the breadth,Prep‑l | N‑mpc,H4800,Habakkuk,1,63
אֶ֔רֶץ,H776,"’e·reṣ,",of the earth,N‑fs,H776,Habakkuk,1,64
לָרֶ֖שֶׁת,H3423,lā·re·šeṯ,to possess,Prep‑l | V‑Qal‑Inf,H3423,Habakkuk,1,65
מִשְׁכָּנ֥וֹת,H4908,miš·kā·nō·wṯ,dwelling places,N‑mp,H4908,Habakkuk,1,66
לֹּא־,H3808,lō-,not,Adv‑NegPrt,H3808,Habakkuk,1,67
וְנוֹרָ֖א,H3372,wə·nō·w·rā,and dreadful,Conj‑w | V‑Nifal‑Prtcpl‑ms,H3372,Habakkuk,1,68
ה֑וּא,H1931,hū;,He [is],Pro‑3ms,H1931,Habakkuk,1,69
מִמֶּ֕נּוּ,H4480,mim·men·nū,from himself,Prep | 3ms,H4480,Habakkuk,1,70
מִשְׁפָּט֥וֹ,H4941,miš·pā·ṭōw,His judgment,N‑msc | 3ms,H4941,Habakkuk,1,71
וּשְׂאֵת֖וֹ,H7613,ū·śə·’ê·ṯōw,and his dignity,Conj‑w | N‑fsc | 3ms,H7613,Habakkuk,1,72
יֵצֵֽא׃,H3318,yê·ṣê.,proceed,V‑Qal‑Imperf‑3ms,H3318,Habakkuk,1,73
מִנְּמֵרִ֜ים,H5246,min·nə·mê·rîm,than leopards,Prep‑m | N‑mp,H5246,Habakkuk,1,74
סוּסָ֗יו,H5483,"sū·sāw,",their horses,N‑mpc | 3ms,H5483,Habakkuk,1,75
וְחַדּוּ֙,H2300,wə·ḥad·dū,and more fierce,Conj‑w | V‑Qal‑ConjPerf‑3cp,H2300,Habakkuk,1,76
מִזְּאֵ֣בֵי,H2061,miz·zə·’ê·ḇê,than wolves,Prep‑m | N‑mpc,H2061,Habakkuk,1,77
עֶ֔רֶב,H6153,"‘e·reḇ,",evening,N‑ms,H6153,Habakkuk,1,78
וּפָ֖שׁוּ,H6335,ū·p̄ā·šū,and charge ahead,Conj‑w | V‑Qal‑ConjPerf‑3cp,H6335,Habakkuk,1,79
פָּֽרָשָׁ֑יו,H6571,pā·rā·šāw;,their chargers,N‑mpc | 3ms,H6571,Habakkuk,1,80
וּפָֽרָשָׁיו֙,H6571,ū·p̄ā·rā·šāw,and their cavalry,Conj‑w | N‑mpc | 3ms,H6571,Habakkuk,1,81
מֵרָח֣וֹק,H7350,mê·rā·ḥō·wq,from afar,Prep‑m | Adj‑ms,H7350,Habakkuk,1,82
יָבֹ֔אוּ,H935,"yā·ḇō·’ū,",comes,V‑Qal‑Imperf‑3mp,H935,Habakkuk,1,83
יָעֻ֕פוּ,H5774,yā·‘u·p̄ū,they fly,V‑Qal‑Imperf‑3mp,H5774,Habakkuk,1,84
כְּנֶ֖שֶׁר,H5404,kə·ne·šer,as the vulture,Prep‑k | N‑ms,H5404,Habakkuk,1,85
חָ֥שׁ,H2363,ḥāš,[that] hastens,V‑Qal‑Prtcpl‑ms,H2363,Habakkuk,1,86
לֶאֱכֽוֹל׃,H398,le·’ĕ·ḵō·wl.,to eat,Prep‑l | V‑Qal‑Inf,H398,Habakkuk,1,87
לְחָמָ֣ס,H2555,lə·ḥā·mās,for violence,Prep‑l | N‑ms,H2555,Habakkuk,1,88
יָב֔וֹא,H935,"yā·ḇō·w,",Come,V‑Qal‑Imperf‑3ms,H935,Habakkuk,1,89
מְגַמַּ֥ת,H4041,mə·ḡam·maṯ,are set,N‑fsc,H4041,Habakkuk,1,90
פְּנֵיהֶ֖ם,H6440,pə·nê·hem,their faces,N‑mpc | 3mp,H6440,Habakkuk,1,91
קָדִ֑ימָה,H6921,qā·ḏî·māh;,[like] the east [wind],N‑ms | 3fs,H6921,Habakkuk,1,92
וַיֶּאֱסֹ֥ף,H622,way·ye·’ĕ·sōp̄,and they gather,Conj‑w | V‑Qal‑ConsecImperf‑3ms,H622,Habakkuk,1,93
כַּח֖וֹל,H2344,ka·ḥō·wl,like sand,"Prep‑k, Art | N‑ms",H2344,Habakkuk,1,94
שֶֽׁבִי׃,H7628,še·ḇî.,captives,N‑ms,H7628,Habakkuk,1,95
בַּמְּלָכִ֣ים,H4428,bam·mə·lā·ḵîm,at kings,"Prep‑b, Art | N‑mp",H4428,Habakkuk,1,96
יִתְקַלָּ֔ס,H7046,"yiṯ·qal·lās,",scoffs,V‑Hitpael‑Imperf‑3ms,H7046,Habakkuk,1,97
וְרֹזְנִ֖ים,H7336,wə·rō·zə·nîm,and princes,Conj‑w | V‑Qal‑Prtcpl‑mp,H7336,Habakkuk,1,98
מִשְׂחָ֣ק,H4890,miś·ḥāq,are scorned,N‑ms,H4890,Habakkuk,1,99
ה֚וּא,H1931,hū,He,Pro‑3ms,H1931,Habakkuk,1,100
לְכָל־,H3605,lə·ḵāl,every,Prep‑l | N‑msc,H3605,Habakkuk,1,101
מִבְצָ֣ר,H4013,miḇ·ṣār,stronghold,N‑ms,H4013,Habakkuk,1,102
יִשְׂחָ֔ק,H7832,"yiś·ḥāq,",derides,V‑Qal‑Imperf‑3ms,H7832,Habakkuk,1,103
וַיִּצְבֹּ֥ר,H6651,way·yiṣ·bōr,for he heaps up,Conj‑w | V‑Qal‑ConsecImperf‑3ms,H6651,Habakkuk,1,104
עָפָ֖ר,H6083,‘ā·p̄ār,earthen [mounds],N‑ms,H6083,Habakkuk,1,105
וַֽיִּלְכְּדָֽהּ׃,H3920,way·yil·kə·ḏāh.,and seize it,Conj‑w | V‑Qal‑ConsecImperf‑3ms | 3fs,H3920,Habakkuk,1,106
חָלַ֥ף,H2498,ḥā·lap̄,changes,V‑Qal‑Perf‑3ms,H2498,Habakkuk,1,107
ר֛וּחַ,H7307,rū·aḥ,[his] mind,N‑cs,H7307,Habakkuk,1,108
וַֽיַּעֲבֹ֖ר,H5674,way·ya·‘ă·ḇōr,and he transgresses,Conj‑w | V‑Qal‑ConsecImperf‑3ms,H5674,Habakkuk,1,109
וְאָשֵׁ֑ם,H816,wə·’ā·šêm;,and He commits offense,Conj‑w | V‑Qal‑ConjPerf‑3ms,H816,Habakkuk,1,110
ז֥וּ,H2098,zū,[Ascribing] this,Pro‑r,H2098,Habakkuk,1,111
כֹח֖וֹ,H3581,ḵō·ḥōw,power,N‑msc | 3ms,H3581,Habakkuk,1,112
לֵאלֹהֽוֹ׃,H430,lê·lō·hōw.,to his god,Prep‑l | N‑msc | 3ms,H430,Habakkuk,1,113
אַתָּ֣ה,H859,’at·tāh,You,Pro‑2ms,H859,Habakkuk,1,114
מִקֶּ֗דֶם,H6924,"miq·qe·ḏem,",from everlasting,Prep‑m | N‑ms,H6924,Habakkuk,1,115
יְהוָ֧ה,H3069,Yah·weh,Yahweh,N‑proper‑ms,H3069,Habakkuk,1,116
אֱלֹהַ֛י,H430,’ĕ·lō·hay,my God,N‑mpc | 1cs,H430,Habakkuk,1,117
קְדֹשִׁ֖י,H6918,qə·ḏō·šî,my Holy one,Adj‑msc | 1cs,H6918,Habakkuk,1,118
לֹ֣א,H3808,lō,not,Adv‑NegPrt,H3808,Habakkuk,1,119
נָמ֑וּת,H4191,nā·mūṯ;,we shall die,V‑Qal‑Imperf‑1cp,H4191,Habakkuk,1,120
יְהוָה֙,H3069,Yah·weh,Yahweh,N‑proper‑ms,H3069,Habakkuk,1,121
לְמִשְׁפָּ֣ט,H4941,lə·miš·pāṭ,for judgment,Prep‑l | N‑ms,H4941,Habakkuk,1,122
שַׂמְתּ֔וֹ,H7760,"śam·tōw,",You have appointed them,V‑Qal‑Perf‑2ms | 3ms,H7760,Habakkuk,1,123
וְצ֖וּר,H6697,wə·ṣūr,and Rock,Conj‑w | N‑ms,H6697,Habakkuk,1,124
לְהוֹכִ֥יחַ,H3198,lə·hō·w·ḵî·aḥ,for correction,Prep‑l | V‑Hifil‑Inf,H3198,Habakkuk,1,125
יְסַדְתּֽוֹ׃,H3245,yə·saḏ·tōw.,You have marked them,V‑Qal‑Perf‑2ms | 3ms,H3245,Habakkuk,1,126
עֵינַ֙יִם֙,H5869,‘ê·na·yim,eyes,N‑cd,H5869,Habakkuk,1,127
מֵרְא֣וֹת,H7200,mê·rə·’ō·wṯ,than to behold,Prep‑m | V‑Qal‑Inf,H7200,Habakkuk,1,128
רָ֔ע,H7451,"rā‘,",evil,Adj‑ms,H7451,Habakkuk,1,129
וְהַבִּ֥יט,H5027,wə·hab·bîṭ,and look,Conj‑w | V‑Hifil‑Inf,H5027,Habakkuk,1,130
אֶל־,H413,’el-,on,Prep,H413,Habakkuk,1,131
עָמָ֖ל,H5999,‘ā·māl,wickedness,N‑ms,H5999,Habakkuk,1,132
לֹ֣א,H3808,lō,not,Adv‑NegPrt,H3808,Habakkuk,1,133
תוּכָ֑ל,H3201,ṯū·ḵāl;,cannot,V‑Qal‑Imperf‑2ms,H3201,Habakkuk,1,134
לָ֤מָּה,H4100,lām·māh,why,Interrog,H4100,Habakkuk,1,135
תַבִּיט֙,H5027,ṯab·bîṭ,do You look,V‑Hifil‑Imperf‑2ms,H5027,Habakkuk,1,136
בּֽוֹגְדִ֔ים,H898,"bō·wḡ·ḏîm,",on those who deal treacherously,V‑Qal‑Prtcpl‑mp,H898,Habakkuk,1,137
תַּחֲרִ֕ישׁ,H2790,ta·ḥă·rîš,[And] hold Your tongue,V‑Hifil‑Imperf‑2ms,H2790,Habakkuk,1,138
בְּבַלַּ֥ע,H1104,bə·ḇal·la‘,when devours,Prep‑b | V‑Piel‑Inf,H1104,Habakkuk,1,139
רָשָׁ֖ע,H7563,rā·šā‘,the wicked,Adj‑ms,H7563,Habakkuk,1,140
צַדִּ֥יק,H6662,ṣad·dîq,a [person] more righteous,Adj‑ms,H6662,Habakkuk,1,141
מִמֶּֽנּוּ׃,H4480,mim·men·nū.,than he,Prep | 3ms,H4480,Habakkuk,1,142
אָדָ֖ם,H120,’ā·ḏām,men,N‑ms,H120,Habakkuk,1,143
כִּדְגֵ֣י,H1709,kiḏ·ḡê,like fish,Prep‑k | N‑mpc,H1709,Habakkuk,1,144
הַיָּ֑ם,H3220,hay·yām;,of the sea,Art | N‑ms,H3220,Habakkuk,1,145
כְּרֶ֖מֶשׂ,H7431,kə·re·meś,Like creeping things,Prep‑k | N‑ms,H7431,Habakkuk,1,146
לֹא־,H3808,lō-,[that have] no,Adv‑NegPrt,H3808,Habakkuk,1,147
מֹשֵׁ֥ל,H4910,mō·šêl,ruler,V‑Qal‑Prtcpl‑ms,H4910,Habakkuk,1,148
בְּחַכָּ֣ה,H2443,bə·ḥak·kāh,with a hook,Prep‑b | N‑fs,H2443,Habakkuk,1,149
הֵֽעֲלָ֔ה,H5927,"hê·‘ă·lāh,",they take up,V‑Hifil‑Perf‑3ms,H5927,Habakkuk,1,150
יְגֹרֵ֣הוּ,H1641,yə·ḡō·rê·hū,they catch them,V‑Qal‑Imperf‑3ms | 3ms,H1641,Habakkuk,1,151
בְחֶרְמ֔וֹ,H2764,"ḇə·ḥer·mōw,",in their net,Prep‑b | N‑msc | 3ms,H2764,Habakkuk,1,152
וְיַאַסְפֵ֖הוּ,H622,wə·ya·’as·p̄ê·hū,and gather them,Conj‑w | V‑Qal‑ConjImperf‑3ms | 3ms,H622,Habakkuk,1,153
בְּמִכְמַרְתּ֑וֹ,H4365,bə·miḵ·mar·tōw;,in their dragnet,Prep‑b | N‑fsc | 3ms,H4365,Habakkuk,1,154
עַל־,H5921,‘al-,upon,Prep,H5921,Habakkuk,1,155
כֵּ֖ן,H3651,kên,thus,Adv,H3651,Habakkuk,1,156
יִשְׂמַ֥ח,H8055,yiś·maḥ,they rejoice,V‑Qal‑Imperf‑3ms,H8055,Habakkuk,1,157
וְיָגִֽיל׃,H1523,wə·yā·ḡîl.,and are glad,Conj‑w | V‑Qal‑ConjImperf‑3ms,H1523,Habakkuk,1,158
כֵּן֙,H3651,kên,thus,Adv,H3651,Habakkuk,1,159
יְזַבֵּ֣חַ,H2076,yə·zab·bê·aḥ,they sacrifice,V‑Piel‑Imperf‑3ms,H2076,Habakkuk,1,160
לְחֶרְמ֔וֹ,H2764,"lə·ḥer·mōw,",to their net,Prep‑l | N‑msc | 3ms,H2764,Habakkuk,1,161
וִֽיקַטֵּ֖ר,H6999,wî·qaṭ·ṭêr,and burn incense,Conj‑w | V‑Piel‑ConjImperf‑3ms,H6999,Habakkuk,1,162
לְמִכְמַרְתּ֑וֹ,H4365,lə·miḵ·mar·tōw;,to their dragnet,Prep‑l | N‑fsc | 3ms,H4365,Habakkuk,1,163
כִּ֤י,H3588,kî,because,Conj,H3588,Habakkuk,1,164
בָהֵ֙מָּה֙,H1992,ḇā·hêm·māh,by them,Prep‑b | Pro‑3mp,H1992,Habakkuk,1,165
שָׁמֵ֣ן,H8082,šā·mên,sumptuous,Adj‑ms,H8082,Habakkuk,1,166
חֶלְק֔וֹ,H2506,"ḥel·qōw,",their share [is],N‑msc | 3ms,H2506,Habakkuk,1,167
וּמַאֲכָל֖וֹ,H3978,ū·ma·’ă·ḵā·lōw,and their food,Conj‑w | N‑msc | 3ms,H3978,Habakkuk,1,168
בְּרִאָֽה׃,H1277,bə·ri·’āh.,fat,Adj‑fs,H1277,Habakkuk,1,169
כֵּ֖ן,H3651,kên,therefore,Adv,H3651,Habakkuk,1,170
יָרִ֣יק,H7324,yā·rîq,they empty,V‑Hifil‑Imperf‑3ms,H7324,Habakkuk,1,171
חֶרְמ֑וֹ,H2764,ḥer·mōw;,their net,N‑msc | 3ms,H2764,Habakkuk,1,172
וְתָמִ֛יד,H8548,wə·ṯā·mîḏ,and continue,Conj‑w | Adv,H8548,Habakkuk,1,173
לַהֲרֹ֥ג,H2026,la·hă·rōḡ,to slay,Prep‑l | V‑Qal‑Inf,H2026,Habakkuk,1,174
גּוֹיִ֖ם,H1471,gō·w·yim,nations,N‑mp,H1471,Habakkuk,1,175
לֹ֥א,H3808,lō,without,Adv‑NegPrt,H3808,Habakkuk,1,176
יַחְמֽוֹל׃,H2550,yaḥ·mō·wl.,pity,V‑Qal‑Imperf‑3ms,H2550,Habakkuk,1,177
מִשְׁמַרְתִּ֣י,H4931,miš·mar·tî,my watch,N‑fsc | 1cs,H4931,Habakkuk,2,178
אֶעֱמֹ֔דָה,H5975,"’e·‘ĕ·mō·ḏāh,",I will stand,V‑Qal‑Imperf.Cohort‑1cs,H5975,Habakkuk,2,179
וְאֶֽתְיַצְּבָ֖ה,H3320,wə·’eṯ·yaṣ·ṣə·ḇāh,and set myself,Conj‑w | V‑Hitpael‑ConjImperf.Cohort‑1cs,H3320,Habakkuk,2,180
עַל־,H5921,‘al-,on,Prep,H5921,Habakkuk,2,181
מָצ֑וֹר,H4692,mā·ṣō·wr;,the rampart,N‑ms,H4692,Habakkuk,2,182
וַאֲצַפֶּ֗ה,H6822,"wa·’ă·ṣap·peh,",and watch,Conj‑w | V‑Piel‑ConjImperf.h‑1cs,H6822,Habakkuk,2,183
לִרְאוֹת֙,H7200,lir·’ō·wṯ,to see,Prep‑l | V‑Qal‑Inf,H7200,Habakkuk,2,184
מַה־,H4100,mah-,what,Interrog,H4100,Habakkuk,2,185
יְדַבֶּר־,H1696,yə·ḏab·ber-,He will say,V‑Piel‑Imperf‑3ms,H1696,Habakkuk,2,186
וּמָ֥ה,H4100,ū·māh,and what,Conj‑w | Interrog,H4100,Habakkuk,2,187
אָשִׁ֖יב,H7725,’ā·šîḇ,I will answer,V‑Hifil‑Imperf‑1cs,H7725,Habakkuk,2,188
עַל־,H5921,‘al-,when,Prep,H5921,Habakkuk,2,189
תּוֹכַחְתִּֽי׃,H8433,tō·w·ḵaḥ·tî.,I am corrected,N‑fsc | 1cs,H8433,Habakkuk,2,190
יְהוָה֙,H3068,Yah·weh,Yahweh,N‑proper‑ms,H3068,Habakkuk,2,191
וַיֹּ֔אמֶר,H559,"way·yō·mer,",and said,Conj‑w | V‑Qal‑ConsecImperf‑3ms,H559,Habakkuk,2,192
כְּת֣וֹב,H3789,kə·ṯō·wḇ,Write,V‑Qal‑Imp‑ms,H3789,Habakkuk,2,193
חָז֔וֹן,H2377,"ḥā·zō·wn,",the vision,N‑ms,H2377,Habakkuk,2,194
וּבָאֵ֖ר,H874,ū·ḇā·’êr,and make [it] plain,Conj‑w | V‑Piel‑Imp‑ms,H874,Habakkuk,2,195
עַל־,H5921,‘al-,on,Prep,H5921,Habakkuk,2,196
הַלֻּח֑וֹת,H3871,hal·lu·ḥō·wṯ;,tablets,Art | N‑mp,H3871,Habakkuk,2,197
לְמַ֥עַן,H4616,lə·ma·‘an,that,Conj,H4616,Habakkuk,2,198
יָר֖וּץ,H7323,yā·rūṣ,he may run,V‑Qal‑Imperf‑3ms,H7323,Habakkuk,2,199
ק֥וֹרֵא,H7121,qō·w·rê,who reads,V‑Qal‑Prtcpl‑ms,H7121,Habakkuk,2,200
ע֤וֹד,H5750,‘ō·wḏ,yet,Adv,H5750,Habakkuk,2,201
חָזוֹן֙,H2377,ḥā·zō·wn,the vision [is],N‑ms,H2377,Habakkuk,2,202
לַמּוֹעֵ֔ד,H4150,"lam·mō·w·‘êḏ,",for an appointed time,"Prep‑l, Art | N‑ms",H4150,Habakkuk,2,203
וְיָפֵ֥חַ,H6315,wə·yā·p̄ê·aḥ,but it will speak,Conj‑w | V‑Hifil‑ConjImperf.Jus‑3ms,H6315,Habakkuk,2,204
לַקֵּ֖ץ,H7093,laq·qêṣ,at the end,"Prep‑l, Art | N‑ms",H7093,Habakkuk,2,205
וְלֹ֣א,H3808,wə·lō,and not,Conj‑w | Adv‑NegPrt,H3808,Habakkuk,2,206
יְכַזֵּ֑ב,H3576,yə·ḵaz·zêḇ;,it will lie,V‑Piel‑Imperf‑3ms,H3576,Habakkuk,2,207
אִם־,H518,’im-,Though,Conj,H518,Habakkuk,2,208
יִתְמַהְמָהּ֙,H4102,yiṯ·mah·māh,it tarries,V‑Hitpael‑Imperf‑3ms,H4102,Habakkuk,2,209
חַכֵּה־,H2442,ḥak·kêh-,wait,V‑Piel‑Imp‑ms,H2442,Habakkuk,2,210
כִּֽי־,H3588,kî-,because,Conj,H3588,Habakkuk,2,211
בֹ֥א,H935,ḇō,surely,V‑Qal‑InfAbs,H935,Habakkuk,2,212
יָבֹ֖א,H935,yā·ḇō,it will come,V‑Qal‑Imperf‑3ms,H935,Habakkuk,2,213
לֹ֥א,H3808,lō,not,Adv‑NegPrt,H3808,Habakkuk,2,214
יְאַחֵֽר׃,H309,yə·’a·ḥêr.,it will tarry,V‑Piel‑Imperf‑3ms,H309,Habakkuk,2,215
עֻפְּלָ֔ה,H6075,"‘up·pə·lāh,",the proud,V‑Pual‑Perf‑3fs,H6075,Habakkuk,2,216
לֹא־,H3808,lō-,not,Adv‑NegPrt,H3808,Habakkuk,2,217
יָשְׁרָ֥ה,H3474,yā·šə·rāh,is upright,V‑Qal‑Perf‑3fs,H3474,Habakkuk,2,218
נַפְשׁ֖וֹ,H5315,nap̄·šōw,His soul,N‑fsc | 3ms,H5315,Habakkuk,2,219
וְצַדִּ֖יק,H6662,wə·ṣad·dîq,but the just,Conj‑w | Adj‑ms,H6662,Habakkuk,2,220
בֶּאֱמוּנָת֥וֹ,H530,be·’ĕ·mū·nā·ṯōw,by his faith,Prep‑b | N‑fsc | 3ms,H530,Habakkuk,2,221
יִחְיֶֽה׃,H2421,yiḥ·yeh.,shall live,V‑Qal‑Imperf‑3ms,H2421,Habakkuk,2,222
כִּֽי־,H3588,kî-,because,Conj,H3588,Habakkuk,2,223
הַיַּ֣יִן,H3196,hay·ya·yin,by wine,Art | N‑ms,H3196,Habakkuk,2,224
בּוֹגֵ֔ד,H898,"bō·w·ḡêḏ,",he transgresses,V‑Qal‑Prtcpl‑ms,H898,Habakkuk,2,225
גֶּ֥בֶר,H1397,ge·ḇer,[He is] a man,N‑ms,H1397,Habakkuk,2,226
יָהִ֖יר,H3093,yā·hîr,proud,Adj‑ms,H3093,Habakkuk,2,227
וְלֹ֣א,H3808,wə·lō,and not,Conj‑w | Adv‑NegPrt,H3808,Habakkuk,2,228
יִנְוֶ֑ה,H5115,yin·weh;,he does stay at home,V‑Qal‑Imperf‑3ms,H5115,Habakkuk,2,229
אֲשֶׁר֩,H834,’ă·šer,because,Pro‑r,H834,Habakkuk,2,230
הִרְחִ֨יב,H7337,hir·ḥîḇ,he enlarges,V‑Hifil‑Perf‑3ms,H7337,Habakkuk,2,231
כִּשְׁא֜וֹל,H7585,kiš·’ō·wl,as hell,Prep‑k | N‑cs,H7585,Habakkuk,2,232
נַפְשׁ֗וֹ,H5315,"nap̄·šōw,",his desire,N‑fsc | 3ms,H5315,Habakkuk,2,233
וְה֤וּא,H1931,wə·hū,and he [is],Conj‑w | Pro‑3ms,H1931,Habakkuk,2,234
כַמָּ֙וֶת֙,H4194,ḵam·mā·weṯ,like death,"Prep‑k, Art | N‑ms",H4194,Habakkuk,2,235
וְלֹ֣א,H3808,wə·lō,and cannot,Conj‑w | Adv‑NegPrt,H3808,Habakkuk,2,236
יִשְׂבָּ֔ע,H7646,"yiś·bā‘,",be satisfied,V‑Qal‑Imperf‑3ms,H7646,Habakkuk,2,237
וַיֶּאֱסֹ֤ף,H622,way·ye·’ĕ·sōp̄,and He gathers,Conj‑w | V‑Qal‑ConsecImperf‑3ms,H622,Habakkuk,2,238
אֵלָיו֙,H413,’ê·lāw,to himself,Prep | 3ms,H413,Habakkuk,2,239
כָּל־,H3605,kāl-,all,N‑msc,H3605,Habakkuk,2,240
הַגּוֹיִ֔ם,H1471,"hag·gō·w·yim,",nations,Art | N‑mp,H1471,Habakkuk,2,241
וַיִּקְבֹּ֥ץ,H6908,way·yiq·bōṣ,and heaps up,Conj‑w | V‑Qal‑ConsecImperf‑3ms,H6908,Habakkuk,2,242
אֵלָ֖יו,H413,’ê·lāw,for himself,Prep | 3ms,H413,Habakkuk,2,243
כָּל־,H3605,kāl-,all,N‑msc,H3605,Habakkuk,2,244
הָעַמִּֽים׃,H5971,hā·‘am·mîm.,peoples,Art | N‑mp,H5971,Habakkuk,2,245
אֵ֣לֶּה,H428,’êl·leh,these,Pro‑cp,H428,Habakkuk,2,246
כֻלָּ֗ם,H3605,"ḵul·lām,",all,N‑msc | 3mp,H3605,Habakkuk,2,247
עָלָיו֙,H5921,‘ā·lāw,against him,Prep | 3ms,H5921,Habakkuk,2,248
מָשָׁ֣ל,H4912,mā·šāl,a proverb,N‑ms,H4912,Habakkuk,2,249
יִשָּׂ֔אוּ,H5375,"yiś·śā·’ū,",take up,V‑Qal‑Imperf‑3mp,H5375,Habakkuk,2,250
וּמְלִיצָ֖ה,H4426,ū·mə·lî·ṣāh,and taunting,Conj‑w | N‑fs,H4426,Habakkuk,2,251
חִיד֣וֹת,H2420,ḥî·ḏō·wṯ,a riddle,N‑fp,H2420,Habakkuk,2,252
וְיֹאמַ֗ר,H559,"wə·yō·mar,",and say,Conj‑w | V‑Qal‑ConjImperf‑3ms,H559,Habakkuk,2,253
ה֚וֹי,H1945,hō·w,Woe,Interjection,H1945,Habakkuk,2,254
הַמַּרְבֶּ֣ה,H7235,ham·mar·beh,to him who increases,Art | V‑Hifil‑Prtcpl‑ms,H7235,Habakkuk,2,255
לֹּא־,H3808,lō-,not,Adv‑NegPrt,H3808,Habakkuk,2,256
עַד־,H5704,‘aḏ-,how,Prep,H5704,Habakkuk,2,257
מָתַ֕י,H4970,mā·ṯay,long,Interrog,H4970,Habakkuk,2,258
וּמַכְבִּ֥יד,H3513,ū·maḵ·bîḏ,and who loads himself,Conj‑w | V‑Hifil‑Prtcpl‑ms,H3513,Habakkuk,2,259
עָלָ֖יו,H5921,‘ā·lāw,to him,Prep | 3ms,H5921,Habakkuk,2,260
עַבְטִֽיט׃,H5671,‘aḇ·ṭîṭ.,with many pledges,N‑ms,H5671,Habakkuk,2,261
פֶ֗תַע,H6621,"p̄e·ṯa‘,",suddenly,Adv,H6621,Habakkuk,2,262
יָק֙וּמוּ֙,H6965,yā·qū·mū,rise up,V‑Qal‑Imperf‑3mp,H6965,Habakkuk,2,263
נֹשְׁכֶ֔יךָ,H5391,"nō·šə·ḵe·ḵā,",your creditors,V‑Qal‑Prtcpl‑mpc | 2ms,H5391,Habakkuk,2,264
וְיִקְצ֖וּ,H6974,wə·yiq·ṣū,and will they not awaken,Conj‑w | V‑Qal‑ConjImperf‑3mp,H6974,Habakkuk,2,265
מְזַעְזְעֶ֑יךָ,H2111,mə·za‘·zə·‘e·ḵā;,who oppress you,V‑Piel‑Prtcpl‑mpc | 2ms,H2111,Habakkuk,2,266
וְהָיִ֥יתָ,H1961,wə·hā·yî·ṯā,and you will become,Conj‑w | V‑Qal‑ConjPerf‑2ms,H1961,Habakkuk,2,267
לִמְשִׁסּ֖וֹת,H4933,lim·šis·sō·wṯ,booty,Prep‑l | N‑fp,H4933,Habakkuk,2,268
אַתָּ֤ה,H859,’at·tāh,you,Pro‑2ms,H859,Habakkuk,2,269
שַׁלּ֙וֹתָ֙,H7997,šal·lō·w·ṯā,have plundered,V‑Qal‑Perf‑2ms,H7997,Habakkuk,2,270
גּוֹיִ֣ם,H1471,gō·w·yim,nations,N‑mp,H1471,Habakkuk,2,271
רַבִּ֔ים,H7227,"rab·bîm,",many,Adj‑mp,H7227,Habakkuk,2,272
יְשָׁלּ֖וּךָ,H7997,yə·šāl·lū·ḵā,shall plunder you,V‑Qal‑Imperf‑3mp | 2ms,H7997,Habakkuk,2,273
כָּל־,H3605,kāl-,all,N‑msc,H3605,Habakkuk,2,274
יֶ֣תֶר,H3499,ye·ṯer,the remnant,N‑msc,H3499,Habakkuk,2,275
עַמִּ֑ים,H5971,‘am·mîm;,of the people,N‑mp,H5971,Habakkuk,2,276
מִדְּמֵ֤י,H1818,mid·də·mê,because of blood,Prep‑m | N‑mpc,H1818,Habakkuk,2,277
אָדָם֙,H120,’ā·ḏām,of men,N‑ms,H120,Habakkuk,2,278
וַחֲמַס־,H2555,wa·ḥă·mas-,and the violence,Conj‑w | N‑msc,H2555,Habakkuk,2,279
אֶ֔רֶץ,H776,"’e·reṣ,",of the land,N‑fs,H776,Habakkuk,2,280
קִרְיָ֖ה,H7151,qir·yāh,[and] the city,N‑fs,H7151,Habakkuk,2,281
וְכָל־,H3605,wə·ḵāl,and of all,Conj‑w | N‑msc,H3605,Habakkuk,2,282
יֹ֥שְׁבֵי,H3427,yō·šə·ḇê,who dwell,V‑Qal‑Prtcpl‑mpc,H3427,Habakkuk,2,283
בֹּצֵ֛עַ,H1214,bō·ṣê·a‘,to him who covets,V‑Qal‑Prtcpl‑ms,H1214,Habakkuk,2,284
בֶּ֥צַע,H1215,be·ṣa‘,gain,N‑ms,H1215,Habakkuk,2,285
רָ֖ע,H7451,rā‘,evil,Adj‑ms,H7451,Habakkuk,2,286
לְבֵית֑וֹ,H1004,lə·ḇê·ṯōw;,for his house,Prep‑l | N‑msc | 3ms,H1004,Habakkuk,2,287
לָשׂ֤וּם,H7760,lā·śūm,that he may set,Prep‑l | V‑Qal‑Inf,H7760,Habakkuk,2,288
בַּמָּרוֹם֙,H4791,bam·mā·rō·wm,on high,"Prep‑b, Art | N‑ms",H4791,Habakkuk,2,289
קִנּ֔וֹ,H7064,"qin·nōw,",his nest,N‑msc | 3ms,H7064,Habakkuk,2,290
לְהִנָּצֵ֖ל,H5337,lə·hin·nā·ṣêl,that he may be delivered,Prep‑l | V‑Nifal‑Inf,H5337,Habakkuk,2,291
מִכַּף־,H3709,mik·kap̄-,from the hand,Prep‑m | N‑fs,H3709,Habakkuk,2,292
רָֽע׃,H7451,rā‘.,of disaster,Adj‑ms,H7451,Habakkuk,2,293
בֹּ֖שֶׁת,H1322,bō·šeṯ,shameful,N‑fs,H1322,Habakkuk,2,294
לְבֵיתֶ֑ךָ,H1004,lə·ḇê·ṯe·ḵā;,to your house,Prep‑l | N‑msc | 2ms,H1004,Habakkuk,2,295
קְצוֹת־,H7096,qə·ṣō·wṯ-,Cutting off,V‑Qal‑Inf,H7096,Habakkuk,2,296
עַמִּ֥ים,H5971,‘am·mîm,peoples,N‑mp,H5971,Habakkuk,2,297
רַבִּ֖ים,H7227,rab·bîm,many,Adj‑mp,H7227,Habakkuk,2,298
וְחוֹטֵ֥א,H2398,wə·ḥō·w·ṭê,and sin,Conj‑w | V‑Qal‑Prtcpl‑ms,H2398,Habakkuk,2,299
נַפְשֶֽׁךָ׃,H5315,nap̄·še·ḵā.,[against] your soul,N‑fsc | 2ms,H5315,Habakkuk,2,300
אֶ֖בֶן,H68,’e·ḇen,the stone,N‑fs,H68,Habakkuk,2,301
מִקִּ֣יר,H7023,miq·qîr,from the wall,Prep‑m | N‑ms,H7023,Habakkuk,2,302
תִּזְעָ֑ק,H2199,tiz·‘āq;,will cry out,V‑Qal‑Imperf‑3fs,H2199,Habakkuk,2,303
וְכָפִ֖יס,H3714,wə·ḵā·p̄îs,and the beam,Conj‑w | N‑ms,H3714,Habakkuk,2,304
מֵעֵ֥ץ,H6086,mê·‘êṣ,from the timbers,Prep‑m | N‑ms,H6086,Habakkuk,2,305
יַעֲנֶֽנָּה׃,H6030,ya·‘ă·nen·nāh.,will answer it,V‑Qal‑Imperf‑3ms | 3fse,H6030,Habakkuk,2,306
בֹּנֶ֥ה,H1129,bō·neh,to him who builds,V‑Qal‑Prtcpl‑ms,H1129,Habakkuk,2,307
עִ֖יר,H5892,‘îr,a town,N‑fs,H5892,Habakkuk,2,308
בְּדָמִ֑ים,H1818,bə·ḏā·mîm;,with bloodshed,Prep‑b | N‑mp,H1818,Habakkuk,2,309
וְכוֹנֵ֥ן,H3559,wə·ḵō·w·nên,and who establishes,Conj‑w | V‑Piel‑ConjPerf‑3ms,H3559,Habakkuk,2,310
קִרְיָ֖ה,H7151,qir·yāh,a city,N‑fs,H7151,Habakkuk,2,311
בְּעַוְלָֽה׃,H5766,bə·‘aw·lāh.,by iniquity,Prep‑b | N‑fs,H5766,Habakkuk,2,312
הִנֵּ֔ה,H2009,"hin·nêh,",behold,Interjection,H2009,Habakkuk,2,313
מֵאֵ֖ת,H853,mê·’êṯ,of,Prep‑m | DirObjM,H853,Habakkuk,2,314
יְהוָ֣ה,H3068,Yah·weh,Yahweh,N‑proper‑ms,H3068,Habakkuk,2,315
צְבָא֑וֹת,H6635,ṣə·ḇā·’ō·wṯ;,of hosts,N‑cp,H6635,Habakkuk,2,316
וְיִֽיגְע֤וּ,H3021,wə·yî·ḡə·‘ū,that labor,Conj‑w | V‑Qal‑ConjImperf‑3mp,H3021,Habakkuk,2,317
עַמִּים֙,H5971,‘am·mîm,the peoples,N‑mp,H5971,Habakkuk,2,318
בְּדֵי־,H1767,bə·ḏê-,to feed,Prep‑b | N‑msc,H1767,Habakkuk,2,319
אֵ֔שׁ,H784,"’êš,",the fire,N‑cs,H784,Habakkuk,2,320
וּלְאֻמִּ֖ים,H3816,ū·lə·’um·mîm,and nations,Conj‑w | N‑mp,H3816,Habakkuk,2,321
בְּדֵי־,H1767,bə·ḏê-,in,Prep‑b | N‑msc,H1767,Habakkuk,2,322
רִ֥יק,H7385,rîq,vain,N‑ms,H7385,Habakkuk,2,323
יִעָֽפוּ׃,H3286,yi·‘ā·p̄ū.,weary themselves,V‑Qal‑Imperf‑3mp,H3286,Habakkuk,2,324
תִּמָּלֵ֣א,H4390,tim·mā·lê,will be filled,V‑Nifal‑Imperf‑3fs,H4390,Habakkuk,2,325
הָאָ֔רֶץ,H776,"hā·’ā·reṣ,",the earth,Art | N‑fs,H776,Habakkuk,2,326
לָדַ֖עַת,H3045,lā·ḏa·‘aṯ,with the knowledge,Prep‑l | V‑Qal‑Inf,H3045,Habakkuk,2,327
אֶת־,H853,’eṯ-,of,DirObjM,H853,Habakkuk,2,328
כְּב֣וֹד,H3519,kə·ḇō·wḏ,the glory,N‑msc,H3519,Habakkuk,2,329
יְהוָ֑ה,H3068,Yah·weh;,of Yahweh,N‑proper‑ms,H3068,Habakkuk,2,330
כַּמַּ֖יִם,H4325,kam·ma·yim,as the waters,"Prep‑k, Art | N‑mp",H4325,Habakkuk,2,331
יְכַסּ֥וּ,H3680,yə·ḵas·sū,cover,V‑Piel‑Imperf‑3mp,H3680,Habakkuk,2,332
עַל־,H5921,‘al-,on,Prep,H5921,Habakkuk,2,333
יָֽם׃,H3220,yām.,the sea,N‑ms,H3220,Habakkuk,2,334
מַשְׁקֵ֣ה,H8248,maš·qêh,to him who gives drink to,V‑Hifil‑Prtcpl‑msc,H8248,Habakkuk,2,335
רֵעֵ֔הוּ,H7453,"rê·‘ê·hū,",his neighbor,N‑msc | 3ms,H7453,Habakkuk,2,336
מְסַפֵּ֥חַ,H5596,mə·sap·pê·aḥ,Pressing [him to],V‑Piel‑Prtcpl‑ms,H5596,Habakkuk,2,337
חֲמָתְךָ֖,H2573,ḥă·mā·ṯə·ḵā,your bottle,N‑fsc | 2ms,H2573,Habakkuk,2,338
וְאַ֣ף,H637,wə·’ap̄,and Even,Conj‑w | Conj,H637,Habakkuk,2,339
שַׁכֵּ֑ר,H7937,šak·kêr;,to make [him] drunk,V‑Piel‑InfAbs,H7937,Habakkuk,2,340
לְמַ֥עַן,H4616,lə·ma·‘an,that,Conj,H4616,Habakkuk,2,341
הַבִּ֖יט,H5027,hab·bîṭ,you may look,V‑Hifil‑Inf,H5027,Habakkuk,2,342
עַל־,H5921,‘al-,on,Prep,H5921,Habakkuk,2,343
מְעוֹרֵיהֶֽם׃,H4589,mə·‘ō·w·rê·hem.,his nakedness,N‑mpc | 3mp,H4589,Habakkuk,2,344
קָלוֹן֙,H7036,qā·lō·wn,with shame,N‑ms,H7036,Habakkuk,2,345
מִכָּב֔וֹד,H3519,"mik·kā·ḇō·wḏ,",instead of glory,Prep‑m | N‑ms,H3519,Habakkuk,2,346
שְׁתֵ֥ה,H8354,šə·ṯêh,Drink,V‑Qal‑Imp‑ms,H8354,Habakkuk,2,347
גַם־,H1571,ḡam-,also,Conj,H1571,Habakkuk,2,348
אַ֖תָּה,H859,’at·tāh,You,Pro‑2ms,H859,Habakkuk,2,349
וְהֵֽעָרֵ֑ל,H6188,wə·hê·‘ā·rêl;,and be exposed as uncircumcised,Conj‑w | V‑Nifal‑Imp‑ms,H6188,Habakkuk,2,350
תִּסּ֣וֹב,H5437,tis·sō·wḇ,[will be] turned,V‑Qal‑Imperf‑3fs,H5437,Habakkuk,2,351
עָלֶ֗יךָ,H5921,"‘ā·le·ḵā,",against you,Prep | 2ms,H5921,Habakkuk,2,352
כּ֚וֹס,H3563,kō·ws,the cup,N‑fsc,H3563,Habakkuk,2,353
יְמִ֣ין,H3225,yə·mîn,of the right hand,N‑fsc,H3225,Habakkuk,2,354
יְהוָ֔ה,H3068,"Yah·weh,",of Yahweh,N‑proper‑ms,H3068,Habakkuk,2,355
וְקִיקָל֖וֹן,H7022,wə·qî·qā·lō·wn,and utter shame will be,Conj‑w | N‑ms,H7022,Habakkuk,2,356
עַל־,H5921,‘al-,on,Prep,H5921,Habakkuk,2,357
כְּבוֹדֶֽךָ׃,H3519,kə·ḇō·w·ḏe·ḵā.,your glory,N‑msc | 2ms,H3519,Habakkuk,2,358
חֲמַ֤ס,H2555,ḥă·mas,the violence [done to],N‑msc,H2555,Habakkuk,2,359
לְבָנוֹן֙,H3844,lə·ḇā·nō·wn,Lebanon,N‑proper‑fs,H3844,Habakkuk,2,360
יְכַסֶּ֔ךָּ,H3680,"yə·ḵas·se·kā,",will cover you,V‑Piel‑Imperf‑3ms | 2mse,H3680,Habakkuk,2,361
וְשֹׁ֥ד,H7701,wə·šōḏ,and the plunder,Conj‑w | N‑msc,H7701,Habakkuk,2,362
בְּהֵמ֖וֹת,H929,bə·hê·mō·wṯ,of beasts,N‑fp,H929,Habakkuk,2,363
יְחִיתַ֑ן,H2865,yə·ḥî·ṯan;,[which] made them afraid,V‑Hifil‑Imperf‑3ms | 3fp,H2865,Habakkuk,2,364
מִדְּמֵ֤י,H1818,mid·də·mê,because of blood,Prep‑m | N‑mpc,H1818,Habakkuk,2,365
אָדָם֙,H120,’ā·ḏām,of men,N‑ms,H120,Habakkuk,2,366
וַחֲמַס־,H2555,wa·ḥă·mas-,and the violence,Conj‑w | N‑msc,H2555,Habakkuk,2,367
אֶ֔רֶץ,H776,"’e·reṣ,",of the land,N‑fs,H776,Habakkuk,2,368
קִרְיָ֖ה,H7151,qir·yāh,[and] the city,N‑fs,H7151,Habakkuk,2,369
וְכָל־,H3605,wə·ḵāl,and of all,Conj‑w | N‑msc,H3605,Habakkuk,2,370
יֹ֥שְׁבֵי,H3427,yō·šə·ḇê,who dwell,V‑Qal‑Prtcpl‑mpc,H3427,Habakkuk,2,371
הוֹעִ֣יל,H3276,hō·w·‘îl,profit is,V‑Hifil‑Perf‑3ms,H3276,Habakkuk,2,372
פֶּ֗סֶל,H6459,"pe·sel,",the image,N‑ms,H6459,Habakkuk,2,373
כִּ֤י,H3588,kî,that,Conj,H3588,Habakkuk,2,374
פְסָלוֹ֙,H6458,p̄ə·sā·lōw,should carve it,V‑Qal‑Perf‑3ms | 3ms,H6458,Habakkuk,2,375
יֹֽצְר֔וֹ,H3336,"yō·ṣə·rōw,",its maker,V‑Qal‑Prtcpl‑msc | 3ms,H3336,Habakkuk,2,376
מַסֵּכָ֖ה,H4541,mas·sê·ḵāh,the molded image,N‑fs,H4541,Habakkuk,2,377
וּמ֣וֹרֶה,H3384,ū·mō·w·reh,and a teacher,Conj‑w | V‑Hifil‑Prtcpl‑ms,H3384,Habakkuk,2,378
שָּׁ֑קֶר,H8267,šā·qer;,of lies,N‑ms,H8267,Habakkuk,2,379
כִּ֣י,H3588,kî,that,Conj,H3588,Habakkuk,2,380
בָטַ֞ח,H982,ḇā·ṭaḥ,should trust,V‑Qal‑Perf‑3ms,H982,Habakkuk,2,381
יֹצֵ֤ר,H3335,yō·ṣêr,the maker,V‑Qal‑Prtcpl‑ms,H3335,Habakkuk,2,382
יִצְרוֹ֙,H3335,yiṣ·rōw,of its mold,N‑msc | 3ms,H3335,Habakkuk,2,383
עָלָ֔יו,H5921,"‘ā·lāw,",in it,Prep | 3ms,H5921,Habakkuk,2,384
לַעֲשׂ֖וֹת,H6213,la·‘ă·śō·wṯ,to make,Prep‑l | V‑Qal‑Inf,H6213,Habakkuk,2,385
אֱלִילִ֥ים,H457,’ĕ·lî·lîm,idols,N‑mp,H457,Habakkuk,2,386
אִלְּמִֽים׃,H483,’il·lə·mîm.,mute,Adj‑mp,H483,Habakkuk,2,387
אֹמֵ֤ר,H559,’ō·mêr,to him who says,V‑Qal‑Prtcpl‑ms,H559,Habakkuk,2,388
לָעֵץ֙,H6086,lā·‘êṣ,to wood,"Prep‑l, Art | N‑ms",H6086,Habakkuk,2,389
הָקִ֔יצָה,H6974,"hā·qî·ṣāh,",Awake,V‑Hifil‑Imp‑ms | 3fs,H6974,Habakkuk,2,390
ע֖וּרִי,H5782,‘ū·rî,Arise,V‑Qal‑Imp‑fs,H5782,Habakkuk,2,391
לְאֶ֣בֶן,H68,lə·’e·ḇen,to stone,Prep‑l | N‑fsc,H68,Habakkuk,2,392
דּוּמָ֑ם,H1748,dū·mām;,silent,Adv,H1748,Habakkuk,2,393
ה֣וּא,H1931,hū,it,Pro‑3ms,H1931,Habakkuk,2,394
יוֹרֶ֔ה,H3384,"yō·w·reh,",shall teach,V‑Hifil‑Imperf‑3ms,H3384,Habakkuk,2,395
הִנֵּה־,H2009,hin·nêh-,behold,Interjection,H2009,Habakkuk,2,396
ה֗וּא,H1931,"hū,",it [is],Pro‑3ms,H1931,Habakkuk,2,397
תָּפוּשׂ֙,H8610,tā·p̄ūś,overlaid,V‑Qal‑QalPassPrtcpl‑ms,H8610,Habakkuk,2,398
זָהָ֣ב,H2091,zā·hāḇ,with gold,N‑ms,H2091,Habakkuk,2,399
וָכֶ֔סֶף,H3701,"wā·ḵe·sep̄,",and silver,Conj‑w | N‑ms,H3701,Habakkuk,2,400
וְכָל־,H3605,wə·ḵāl,and yet at all,Conj‑w | N‑msc,H3605,Habakkuk,2,401
ר֖וּחַ,H7307,rū·aḥ,breath,N‑cs,H7307,Habakkuk,2,402
אֵ֥ין,H369,’ên,there is no,Adv,H369,Habakkuk,2,403
בְּקִרְבּֽוֹ׃,H7130,bə·qir·bōw.,in it,Prep‑b | N‑msc | 3ms,H7130,Habakkuk,2,404
בְּהֵיכַ֣ל,H1964,bə·hê·ḵal,in temple,Prep‑b | N‑msc,H1964,Habakkuk,2,405
קָדְשׁ֑וֹ,H6944,qā·ḏə·šōw;,His holy,N‑msc | 3ms,H6944,Habakkuk,2,406
הַ֥ס,H2013,has,let keep silence,Interjection,H2013,Habakkuk,2,407
מִפָּנָ֖יו,H6440,mip·pā·nāw,before Him,Prep‑m | N‑cpc | 3ms,H6440,Habakkuk,2,408
כָּל־,H3605,kāl-,all,N‑msc,H3605,Habakkuk,2,409
הָאָֽרֶץ׃,H776,hā·’ā·reṣ.,the earth,Art | N‑fs,H776,Habakkuk,2,410
לַחֲבַקּ֣וּק,H2265,la·ḥă·ḇaq·qūq,of Habakkuk,Prep‑l | N‑proper‑ms,H2265,Habakkuk,3,411
הַנָּבִ֑יא,H5030,han·nā·ḇî;,the prophet,Art | N‑ms,H5030,Habakkuk,3,412
עַ֖ל,H5921,‘al,on,Prep,H5921,Habakkuk,3,413
שִׁגְיֹנֽוֹת׃,H7692,šiḡ·yō·nō·wṯ.,Shigionoth,N‑mp,H7692,Habakkuk,3,414
שָׁמַ֣עְתִּי,H8085,šā·ma‘·tî,I have heard,V‑Qal‑Perf‑1cs,H8085,Habakkuk,3,415
שִׁמְעֲךָ֮,H8088,šim·‘ă·ḵā,your speech,N‑msc | 2ms,H8088,Habakkuk,3,416
יָרֵאתִי֒,H3372,yā·rê·ṯî,[and] was afraid,V‑Qal‑Perf‑1cs,H3372,Habakkuk,3,417
יְהוָ֗ה,H3068,Yah·weh,Yahweh,N‑proper‑ms,H3068,Habakkuk,3,418
פָּֽעָלְךָ֙,H6467,pā·‘ā·lə·ḵā,Your work,N‑msc | 2ms,H6467,Habakkuk,3,419
בְּקֶ֤רֶב,H7130,bə·qe·reḇ,in the midst,Prep‑b | N‑msc,H7130,Habakkuk,3,420
שָׁנִים֙,H8141,šā·nîm,of the years,N‑fp,H8141,Habakkuk,3,421
חַיֵּ֔יהוּ,H2421,"ḥay·yê·hū,",revive,V‑Piel‑Imp‑ms | 3ms,H2421,Habakkuk,3,422
בְּקֶ֥רֶב,H7130,bə·qe·reḇ,in the midst,Prep‑b | N‑msc,H7130,Habakkuk,3,423
שָׁנִ֖ים,H8141,šā·nîm,of the years,N‑fp,H8141,Habakkuk,3,424
תּוֹדִ֑יעַ,H3045,tō·w·ḏî·a‘;,make [it] known,V‑Hifil‑Imperf‑2ms,H3045,Habakkuk,3,425
בְּרֹ֖גֶז,H7267,bə·rō·ḡez,in wrath,Prep‑b | N‑ms,H7267,Habakkuk,3,426
רַחֵ֥ם,H7355,ra·ḥêm,mercy,V‑Piel‑InfAbs,H7355,Habakkuk,3,427
תִּזְכּֽוֹר׃,H2142,tiz·kō·wr.,remember,V‑Qal‑Imperf‑2ms,H2142,Habakkuk,3,428
מִתֵּימָ֣ן,H8487,mit·tê·mān,from Teman,Prep‑m | N‑fs,H8487,Habakkuk,3,429
יָב֔וֹא,H935,"yā·ḇō·w,",came,V‑Qal‑Imperf‑3ms,H935,Habakkuk,3,430
וְקָד֥וֹשׁ,H6918,wə·qā·ḏō·wōš,and the Holy one,Conj‑w | Adj‑ms,H6918,Habakkuk,3,431
מֵֽהַר־,H2022,mê·har-,from Mount,Prep‑m | N‑msc,H2022,Habakkuk,3,432
פָּארָ֖ן,H6290,pā·rān,Paran,N‑proper‑fs,H6290,Habakkuk,3,433
סֶ֑לָה,H5542,se·lāh;,Selah,Interjection,H5542,Habakkuk,3,434
כִּסָּ֤ה,H3680,kis·sāh,Covered,V‑Piel‑Perf‑3ms,H3680,Habakkuk,3,435
שָׁמַ֙יִם֙,H8064,šā·ma·yim,the heavens,N‑mp,H8064,Habakkuk,3,436
הוֹד֔וֹ,H1935,"hō·w·ḏōw,",His glory,N‑msc | 3ms,H1935,Habakkuk,3,437
וּתְהִלָּת֖וֹ,H8416,ū·ṯə·hil·lā·ṯōw,and His praise,Conj‑w | N‑fsc | 3ms,H8416,Habakkuk,3,438
מָלְאָ֥ה,H4390,mā·lə·’āh,was full,V‑Qal‑Perf‑3fs,H4390,Habakkuk,3,439
הָאָֽרֶץ׃,H776,hā·’ā·reṣ.,of the earth,Art | N‑fs,H776,Habakkuk,3,440
כָּא֣וֹר,H216,kā·’ō·wr,like the light,"Prep‑k, Art | N‑cs",H216,Habakkuk,3,441
תִּֽהְיֶ֔ה,H1961,"tih·yeh,",was,V‑Qal‑Imperf‑3fs,H1961,Habakkuk,3,442
קַרְנַ֥יִם,H7161,qar·na·yim,He had rays [flashing],N‑fd,H7161,Habakkuk,3,443
מִיָּד֖וֹ,H3027,mî·yā·ḏōw,from hand,Prep‑m | N‑fsc | 3ms,H3027,Habakkuk,3,444
וְשָׁ֖ם,H8033,wə·šām,and there [was],Conj‑w | Adv,H8033,Habakkuk,3,445
חֶבְי֥וֹן,H2253,ḥeḇ·yō·wn,hidden,N‑msc,H2253,Habakkuk,3,446
עֻזֹּֽה׃‪‬‪‬,H5797,‘uz·zōh,His power,N‑msc | 3ms,H5797,Habakkuk,3,447
יֵ֣לֶךְ,H1980,yê·leḵ,went,V‑Qal‑Imperf‑3ms,H1980,Habakkuk,3,448
דָּ֑בֶר,H1698,dā·ḇer;,pestilence,N‑ms,H1698,Habakkuk,3,449
וְיֵצֵ֥א,H3318,wə·yê·ṣê,and followed,Conj‑w | V‑Qal‑ConjImperf‑3ms,H3318,Habakkuk,3,450
רֶ֖שֶׁף,H7565,re·šep̄,fever,N‑ms,H7565,Habakkuk,3,451
לְרַגְלָֽיו׃,H7272,lə·raḡ·lāw.,at His feet,Prep‑l | N‑fdc | 3ms,H7272,Habakkuk,3,452
וַיְמֹ֣דֶד,H4058,way·mō·ḏeḏ,and measured,Conj‑w | V‑Piel‑ConsecImperf‑3ms,H4058,Habakkuk,3,453
אֶ֗רֶץ,H776,"’e·reṣ,",the earth,N‑fs,H776,Habakkuk,3,454
רָאָה֙,H7200,rā·’āh,He looked,V‑Qal‑Perf‑3ms,H7200,Habakkuk,3,455
וַיַּתֵּ֣ר,H5425,way·yat·têr,and startled,Conj‑w | V‑Hifil‑ConsecImperf‑3ms,H5425,Habakkuk,3,456
גּוֹיִ֔ם,H1471,"gō·w·yim,",the nations,N‑mp,H1471,Habakkuk,3,457
וַיִּתְפֹּֽצְצוּ֙,H6327,way·yiṯ·pō·ṣə·ṣū,and were scattered,Conj‑w | V‑Hitpael‑ConsecImperf‑3mp,H6327,Habakkuk,3,458
הַרְרֵי־,H2042,har·rê-,the mountains,N‑mpc,H2042,Habakkuk,3,459
עַ֔ד,H5703,"‘aḏ,",everlasting,N‑ms,H5703,Habakkuk,3,460
שַׁח֖וּ,H7817,ša·ḥū,bowed,V‑Qal‑Perf‑3cp,H7817,Habakkuk,3,461
גִּבְע֣וֹת,H1389,giḇ·‘ō·wṯ,The hills,N‑fpc,H1389,Habakkuk,3,462
עוֹלָ֑ם,H5769,‘ō·w·lām;,perpetual,N‑ms,H5769,Habakkuk,3,463
הֲלִיכ֥וֹת,H1979,hă·lî·ḵō·wṯ,ways [are],N‑fpc,H1979,Habakkuk,3,464
עוֹלָ֖ם,H5769,‘ō·w·lām,everlasting,N‑ms,H5769,Habakkuk,3,465
אָ֔וֶן,H205,"’ā·wen,",affliction,N‑ms,H205,Habakkuk,3,466
רָאִ֖יתִי,H7200,rā·’î·ṯî,I saw,V‑Qal‑Perf‑1cs,H7200,Habakkuk,3,467
אָהֳלֵ֣י,H168,’ā·ho·lê,the tents,N‑mpc,H168,Habakkuk,3,468
כוּשָׁ֑ן,H3572,ḵū·šān;,of Cushan,N‑proper‑fs,H3572,Habakkuk,3,469
יִרְגְּז֕וּן,H7264,yir·gə·zūn,trembled,V‑Qal‑Imperf‑3mp | Pn,H7264,Habakkuk,3,470
יְרִיע֖וֹת,H3407,yə·rî·‘ō·wṯ,The curtains,N‑fpc,H3407,Habakkuk,3,471
אֶ֥רֶץ,H776,’e·reṣ,of the land,N‑fsc,H776,Habakkuk,3,472
מִדְיָֽן׃,H4080,miḏ·yān.,of Midian,N‑proper‑fs,H4080,Habakkuk,3,473
חָרָ֣ה,H2734,ḥā·rāh,[You] displeased,V‑Qal‑Perf‑3ms,H2734,Habakkuk,3,474
יְהוָ֔ה,H3068,"Yah·weh,",Yahweh,N‑proper‑ms,H3068,Habakkuk,3,475
אִ֤ם,H518,’im,[Was],Conj,H518,Habakkuk,3,476
בַּנְּהָרִים֙,H5104,ban·nə·hā·rîm,against the rivers,"Prep‑b, Art | N‑mp",H5104,Habakkuk,3,477
אַפֶּ֔ךָ,H639,"’ap·pe·ḵā,",Your anger,N‑msc | 2ms,H639,Habakkuk,3,478
אִם־,H518,’im-,[Was],Conj,H518,Habakkuk,3,479
בַּיָּ֖ם,H3220,bay·yām,against the sea,"Prep‑b, Art | N‑ms",H3220,Habakkuk,3,480
עֶבְרָתֶ֑ךָ,H5678,‘eḇ·rā·ṯe·ḵā;,Your wrath,N‑fsc | 2ms,H5678,Habakkuk,3,481
כִּ֤י,H3588,kî,that,Conj,H3588,Habakkuk,3,482
תִרְכַּב֙,H7392,ṯir·kaḇ,You rode,V‑Qal‑Imperf‑2ms,H7392,Habakkuk,3,483
עַל־,H5921,‘al-,on,Prep,H5921,Habakkuk,3,484
סוּסֶ֔יךָ,H5483,"sū·se·ḵā,",Your horses,N‑mpc | 2ms,H5483,Habakkuk,3,485
מַרְכְּבֹתֶ֖יךָ,H4818,mar·kə·ḇō·ṯe·ḵā,Your chariots,N‑fpc | 2ms,H4818,Habakkuk,3,486
יְשׁוּעָֽה׃,H3444,yə·šū·‘āh.,of salvation,N‑fs,H3444,Habakkuk,3,487
תֵעוֹר֙,H5783,ṯê·‘ō·wr,was made ready,V‑Nifal‑Imperf‑3fs,H5783,Habakkuk,3,488
קַשְׁתֶּ֔ךָ,H7198,"qaš·te·ḵā,",Your bow,N‑fsc | 2ms,H7198,Habakkuk,3,489
שְׁבֻע֥וֹת,H7621,šə·ḇu·‘ō·wṯ,was sworn,N‑fp,H7621,Habakkuk,3,490
מַטּ֖וֹת,H4294,maṭ·ṭō·wṯ,[over Your] arrows,N‑mp,H4294,Habakkuk,3,491
אֹ֣מֶר,H562,’ō·mer,speech,N‑ms,H562,Habakkuk,3,492
סֶ֑לָה,H5542,se·lāh;,Selah,Interjection,H5542,Habakkuk,3,493
נְהָר֖וֹת,H5104,nə·hā·rō·wṯ,With rivers,N‑mp,H5104,Habakkuk,3,494
תְּבַקַּע־,H1234,tə·ḇaq·qa‘-,You divided,V‑Piel‑Imperf‑2ms,H1234,Habakkuk,3,495
אָֽרֶץ׃,H776,’ā·reṣ.,the earth,N‑fs,H776,Habakkuk,3,496
יָחִ֙ילוּ֙,H2342,yā·ḥî·lū,[and] trembled,V‑Qal‑Imperf‑3mp,H2342,Habakkuk,3,497
הָרִ֔ים,H2022,"hā·rîm,",the mountains,N‑mp,H2022,Habakkuk,3,498
זֶ֥רֶם,H2230,ze·rem,the overflowing,N‑msc,H2230,Habakkuk,3,499
מַ֖יִם,H4325,ma·yim,of the water,N‑mp,H4325,Habakkuk,3,500
עָבָ֑ר,H5674,‘ā·ḇār;,passed by,V‑Qal‑Perf‑3ms,H5674,Habakkuk,3,501
נָתַ֤ן,H5414,nā·ṯan,uttered,V‑Qal‑Perf‑3ms,H5414,Habakkuk,3,502
תְּהוֹם֙,H8415,tə·hō·wm,the deep,N‑cs,H8415,Habakkuk,3,503
קוֹל֔וֹ,H6963,"qō·w·lōw,",its voice,N‑msc | 3ms,H6963,Habakkuk,3,504
ר֖וֹם,H7315,rō·wm,on high,N‑msc,H7315,Habakkuk,3,505
יָדֵ֥יהוּ,H3027,yā·ḏê·hū,its hands,N‑fsc | 3ms,H3027,Habakkuk,3,506
נָשָֽׂא׃,H5375,nā·śā.,[And] lifted,V‑Qal‑Perf‑3ms,H5375,Habakkuk,3,507
יָרֵ֖חַ,H3394,yā·rê·aḥ,and moon,N‑ms,H3394,Habakkuk,3,508
עָ֣מַד,H5975,‘ā·maḏ,stood still,V‑Qal‑Perf‑3ms,H5975,Habakkuk,3,509
זְבֻ֑לָה,H2073,zə·ḇu·lāh;,in their habitation,N‑ms | 3fs,H2073,Habakkuk,3,510
לְא֤וֹר,H216,lə·’ō·wr,at the light,Prep‑l | N‑cs,H216,Habakkuk,3,511
חִצֶּ֙יךָ֙,H2671,ḥiṣ·ṣe·ḵā,of Your arrows,N‑mpc | 2ms,H2671,Habakkuk,3,512
יְהַלֵּ֔כוּ,H1980,"yə·hal·lê·ḵū,",they went,V‑Piel‑Imperf‑3mp,H1980,Habakkuk,3,513
לְנֹ֖גַהּ,H5051,lə·nō·ḡah,at the shining,Prep‑l | N‑fs,H5051,Habakkuk,3,514
בְּרַ֥ק,H1300,bə·raq,glittering,N‑msc,H1300,Habakkuk,3,515
חֲנִיתֶֽךָ׃,H2595,ḥă·nî·ṯe·ḵā.,of Your spear,N‑fsc | 2ms,H2595,Habakkuk,3,516
תִּצְעַד־,H6805,tiṣ·‘aḏ-,You marched through,V‑Qal‑Imperf‑2ms,H6805,Habakkuk,3,517
אָ֑רֶץ,H776,’ā·reṣ;,the land,N‑fs,H776,Habakkuk,3,518
בְּאַ֖ף,H639,bə·’ap̄,in anger,Prep‑b | N‑ms,H639,Habakkuk,3,519
תָּד֥וּשׁ,H1758,tā·ḏūš,You trampled,V‑Qal‑Imperf‑2ms,H1758,Habakkuk,3,520
גּוֹיִֽם׃,H1471,gō·w·yim.,the nations,N‑mp,H1471,Habakkuk,3,521
לְיֵ֣שַׁע,H3468,lə·yê·ša‘,for the salvation,Prep‑l | N‑msc,H3468,Habakkuk,3,522
עַמֶּ֔ךָ,H5971,"‘am·me·ḵā,",of Your people,N‑msc | 2ms,H5971,Habakkuk,3,523
לְיֵ֖שַׁע,H3468,lə·yê·ša‘,for salvation,Prep‑l | N‑ms,H3468,Habakkuk,3,524
אֶת־,H853,’eṯ-,with,DirObjM,H853,Habakkuk,3,525
מְשִׁיחֶ֑ךָ,H4899,mə·šî·ḥe·ḵā;,Your Anointed,Adj‑msc | 2ms,H4899,Habakkuk,3,526
מָחַ֤צְתָּ,H4272,mā·ḥaṣ·tā,You struck,V‑Qal‑Perf‑2ms,H4272,Habakkuk,3,527
רֹּאשׁ֙,H7218,rōš,the head,N‑ms,H7218,Habakkuk,3,528
מִבֵּ֣ית,H1004,mib·bêṯ,from the house,Prep‑m | N‑msc,H1004,Habakkuk,3,529
רָשָׁ֔ע,H7563,"rā·šā‘,",of the wicked,Adj‑ms,H7563,Habakkuk,3,530
עָר֛וֹת,H6168,‘ā·rō·wṯ,by laying bare,V‑Piel‑InfAbs,H6168,Habakkuk,3,531
יְס֥וֹד,H3247,yə·sō·wḏ,from foundation,N‑ms,H3247,Habakkuk,3,532
עַד־,H5704,‘aḏ-,to,Prep,H5704,Habakkuk,3,533
צַוָּ֖אר,H6677,ṣaw·wār,neck,N‑ms,H6677,Habakkuk,3,534
סֶֽלָה׃,H5542,se·lāh.,Selah,Interjection,H5542,Habakkuk,3,535
בְמַטָּיו֙,H4294,ḇə·maṭ·ṭāw,with his own arrows,Prep‑b | N‑mpc | 3ms,H4294,Habakkuk,3,536
רֹ֣אשׁ,H7218,rōš,the head,N‑msc,H7218,Habakkuk,3,537
(פְּרָזָ֔יו),H6518,"pə·rā·zāw,",his villages,N‑mpc | 3ms,H6518,Habakkuk,3,538
יִסְעֲר֖וּ,H5590,yis·‘ă·rū,They came out like a whirlwind,V‑Qal‑Imperf‑3mp,H5590,Habakkuk,3,539
לַהֲפִיצֵ֑נִי,H6327,la·hă·p̄î·ṣê·nî;,to scatter me,Prep‑l | V‑Hifil‑Inf | 1cs,H6327,Habakkuk,3,540
עֲלִ֣יצֻתָ֔ם,H5951,"‘ă·lî·ṣu·ṯām,",their rejoicing was,N‑fsc | 3mp,H5951,Habakkuk,3,541
כְּמוֹ־,H3644,kə·mōw-,as,Prep,H3644,Habakkuk,3,542
לֶאֱכֹ֥ל,H398,le·’ĕ·ḵōl,like feasting on,Prep‑l | V‑Qal‑Inf,H398,Habakkuk,3,543
עָנִ֖י,H6041,‘ā·nî,the poor,Adj‑ms,H6041,Habakkuk,3,544
בַּמִּסְתָּֽר׃,H4565,bam·mis·tār.,in secret,"Prep‑b, Art | N‑ms",H4565,Habakkuk,3,545
בַיָּ֖ם,H3220,ḇay·yām,through the sea,"Prep‑b, Art | N‑ms",H3220,Habakkuk,3,546
סוּסֶ֑יךָ,H5483,sū·se·ḵā;,with Your horses,N‑mpc | 2ms,H5483,Habakkuk,3,547
חֹ֖מֶר,H2563,ḥō·mer,Through the heap,N‑msc,H2563,Habakkuk,3,548
מַ֥יִם,H4325,ma·yim,of waters,N‑mp,H4325,Habakkuk,3,549
רַבִּֽים׃,H7227,rab·bîm.,great,Adj‑mp,H7227,Habakkuk,3,550
וַתִּרְגַּ֣ז,H7264,wat·tir·gaz,and trembled,Conj‑w | V‑Qal‑ConsecImperf‑3fs,H7264,Habakkuk,3,551
בִּטְנִ֗י,H990,"biṭ·nî,",my body,N‑fsc | 1cs,H990,Habakkuk,3,552
לְקוֹל֙,H6963,lə·qō·wl,at the voice,Prep‑l | N‑ms,H6963,Habakkuk,3,553
צָלֲל֣וּ,H6750,ṣā·lă·lū,quivered,V‑Qal‑Perf‑3cp,H6750,Habakkuk,3,554
שְׂפָתַ֔י,H8193,"śə·p̄ā·ṯay,",My lips,N‑fdc | 1cs,H8193,Habakkuk,3,555
יָב֥וֹא,H935,yā·ḇō·w,entered,V‑Qal‑Imperf‑3ms,H935,Habakkuk,3,556
רָקָ֛ב,H7538,rā·qāḇ,Rottenness,N‑ms,H7538,Habakkuk,3,557
בַּעֲצָמַ֖י,H6106,ba·‘ă·ṣā·may,my bones,Prep‑b | N‑fpc | 1cs,H6106,Habakkuk,3,558
וְתַחְתַּ֣י,H8478,wə·ṯaḥ·tay,and in myself,Conj‑w | Prep | 1cs,H8478,Habakkuk,3,559
אֶרְגָּ֑ז,H7264,’er·gāz;,I trembled,V‑Qal‑Imperf‑1cs,H7264,Habakkuk,3,560
אֲשֶׁ֤ר,H834,’ă·šer,that,Pro‑r,H834,Habakkuk,3,561
אָנ֙וּחַ֙,H5117,’ā·nū·aḥ,I might rest,V‑Qal‑Imperf‑1cs,H5117,Habakkuk,3,562
לְי֣וֹם,H3117,lə·yō·wm,in the day,Prep‑l | N‑msc,H3117,Habakkuk,3,563
צָרָ֔ה,H6869,"ṣā·rāh,",of trouble,N‑fs,H6869,Habakkuk,3,564
לַעֲל֖וֹת,H5927,la·‘ă·lō·wṯ,when he comes up,Prep‑l | V‑Qal‑Inf,H5927,Habakkuk,3,565
לְעַ֥ם,H5971,lə·‘am,to the people,Prep‑l | N‑ms,H5971,Habakkuk,3,566
יְגוּדֶֽנּוּ׃,H1464,yə·ḡū·ḏen·nū.,He will invade them with his troops,V‑Qal‑Imperf‑3ms | 1cpe,H1464,Habakkuk,3,567
תְאֵנָ֣ה,H8384,ṯə·’ê·nāh,the fig tree,N‑fs,H8384,Habakkuk,3,568
לֹֽא־,H3808,lō-,not,Adv‑NegPrt,H3808,Habakkuk,3,569
תִפְרָ֗ח,H6524,"ṯip̄·rāḥ,",may blossom,V‑Qal‑Imperf‑3fs,H6524,Habakkuk,3,570
וְאֵ֤ין,H369,wə·’ên,and no,Conj‑w | Adv,H369,Habakkuk,3,571
יְבוּל֙,H2981,yə·ḇūl,fruit be,N‑ms,H2981,Habakkuk,3,572
בַּגְּפָנִ֔ים,H1612,"bag·gə·p̄ā·nîm,",on the vines,"Prep‑b, Art | N‑cp",H1612,Habakkuk,3,573
כִּחֵשׁ֙,H3584,ki·ḥêš,Though may fail,V‑Piel‑Perf‑3ms,H3584,Habakkuk,3,574
מַעֲשֵׂה־,H4639,ma·‘ă·śêh-,the labor,N‑msc,H4639,Habakkuk,3,575
זַ֔יִת,H2132,"za·yiṯ,",of the olive,N‑ms,H2132,Habakkuk,3,576
וּשְׁדֵמ֖וֹת,H7709,ū·šə·ḏê·mō·wṯ,and the fields,Conj‑w | N‑fp,H7709,Habakkuk,3,577
לֹא־,H3808,lō-,no,Adv‑NegPrt,H3808,Habakkuk,3,578
עָ֣שָׂה,H6213,‘ā·śāh,yield,V‑Qal‑Perf‑3ms,H6213,Habakkuk,3,579
אֹ֑כֶל,H400,’ō·ḵel;,food,N‑ms,H400,Habakkuk,3,580
גָּזַ֤ר,H1504,gā·zar,Though may be cut off,V‑Qal‑Perf‑3ms,H1504,Habakkuk,3,581
מִמִּכְלָה֙,H4356,mim·miḵ·lāh,from the fold,Prep‑m | N‑fs,H4356,Habakkuk,3,582
צֹ֔אן,H6629,"ṣōn,",the flock,N‑cs,H6629,Habakkuk,3,583
וְאֵ֥ין,H369,wə·’ên,and there be no,Conj‑w | Adv,H369,Habakkuk,3,584
בָּקָ֖ר,H1241,bā·qār,herd,N‑ms,H1241,Habakkuk,3,585
בָּרְפָתִֽים׃,H7517,bā·rə·p̄ā·ṯîm.,in the stalls,"Prep‑b, Art | N‑mp",H7517,Habakkuk,3,586
בַּיהוָ֣ה,H3068,Yah·weh,in Yahweh,Prep‑b | N‑proper‑ms,H3068,Habakkuk,3,587
אֶעְל֑וֹזָה,H5937,’e‘·lō·w·zāh;,will rejoice,V‑Qal‑Imperf.Cohort‑1cs,H5937,Habakkuk,3,588
אָגִ֖ילָה,H1523,’ā·ḡî·lāh,I will joy,V‑Qal‑Imperf.Cohort‑1cs,H1523,Habakkuk,3,589
בֵּאלֹהֵ֥י,H430,bê·lō·hê,in the God,Prep‑b | N‑mpc,H430,Habakkuk,3,590
יִשְׁעִֽי׃,H3468,yiš·‘î.,of my salvation,N‑msc | 1cs,H3468,Habakkuk,3,591
אֲדֹנָי֙,H136,’ă·ḏō·nāy,the Lord is,N‑proper‑ms,H136,Habakkuk,3,592
חֵילִ֔י,H2428,"ḥê·lî,",my strength,N‑msc | 1cs,H2428,Habakkuk,3,593
וַיָּ֤שֶׂם,H7760,way·yā·śem,and He will make,Conj‑w | V‑Qal‑ConsecImperf‑3ms,H7760,Habakkuk,3,594
רַגְלַי֙,H7272,raḡ·lay,my feet,N‑fdc | 1cs,H7272,Habakkuk,3,595
כָּֽאַיָּל֔וֹת,H355,"kā·’ay·yā·lō·wṯ,",like deer's [feet],"Prep‑k, Art | N‑fp",H355,Habakkuk,3,596
וְעַ֥ל,H5921,wə·‘al,and on,Conj‑w | Prep,H5921,Habakkuk,3,597
בָּמוֹתַ֖י,H1116,bā·mō·w·ṯay,my high hills,N‑fpc | 1cs,H1116,Habakkuk,3,598
יַדְרִכֵ֑נִי,H1869,yaḏ·ri·ḵê·nî;,He will make me walk,V‑Hifil‑Imperf‑3ms | 1cs,H1869,Habakkuk,3,599
לַמְנַצֵּ֖חַ,H5329,lam·naṣ·ṣê·aḥ,to the Chief Musician,"Prep‑l, Art | V‑Piel‑Prtcpl‑ms",H5329,Habakkuk,3,600
בִּנְגִינוֹתָֽי׃,H5058,bin·ḡî·nō·w·ṯāy.,with my stringed instruments,Prep‑b | N‑fp,H5058,Habakkuk,3,601
